城市,贷款金额,期限,月供,还款总费用,月管理费,期限最低范围,期限最高范围,还款方式,放款日期,审批时间,担保方式,申请人数,总利息
北京,10万元,12月,9225,1.07,月管理费 1.60%,1,12,分期还款,1,1,信用贷,1,19200
北京,10万元,12月,10046,2.06,月管理费 3.00%,1,120,到期还款,1,1,抵押贷,1,36000
北京,10万元,12月,9333,1.2,参考月利率 1.00%,1,36,分期还款,3,1,信用贷,1,4720.3
北京,10万元,12月,8885,1.06,参考月利率 1.00%,1,12,到期还款,15,10,抵押贷,0,5069.7
北京,10万元,12月,9749,1.7,月管理费 2.50%,1,36,分期还款,1,1,抵押贷,0,30000
北京,10万元,12月,10483,2.58,月管理费 2.15%,1,36,分期还款,3,2,信用贷,0,25800
北京,10万元,12月,10713,2.86,月管理费 2.38%,1,12,分期还款,1,1,抵押贷,1,28560
北京,10万元,12月,10483,2.58,月管理费 2.15%,1,36,分期还款,3,2,信用贷,0,25800
北京,10万元,12月,8998,1,月管理费 1.20%,1,24,到期还款,2,1,信用贷,1,14400
北京,10万元,12月,9749,1.7,月管理费 2.50%,1,12,到期还款,1,1,抵押贷,0,30000
广州,10万元,12月,10513,2.62,月管理费 2.18%,1,36,分期还款,2,2,信用贷,1,26160
广州,10万元,12月,10483,2.58,月管理费 2.15%,1,36,分期还款,1,1,信用贷,1,25800
广州,10万元,12月,11833,4.2,月管理费 3.50%,1,12,分期还款,1,1,抵押贷,1,42000
广州,10万元,12月,9283,1.14,月管理费 1.70%,1,12,到期还款,3,1,抵押贷,0,20400
广州,10万元,12月,8833,0.6,参考月利率 0.50%,1,36,分期还款,3,2,信用贷,1,2555.1
广州,10万元,12月,9283,1.14,月管理费 1.70%,1,12,到期还款,3,1,抵押贷,0,20400
广州,10万元,12月,9463,1.36,参考月利率 0.43%,1,36,分期还款,3,2,信用贷,1,1986.1
广州,10万元,12月,10333,2.4,月管理费 2.00%,1,12,分期还款,1,1,抵押贷,1,24000
广州,10万元,12月,8662,0.39,参考月利率 0.60%,1,24,分期还款,7,7,信用贷,1,3146.2
广州,10万元,12月,10483,2.58,月管理费 2.15%,1,36,分期还款,1,1,信用贷,1,25800
广州,10万元,12月,8662,0.39,参考月利率 0.60%,1,12,分期还款,12,7,信用贷,0,3146.2
广州,10万元,12月,8607,0.33,参考月利率 0.50%,1,48,分期还款,3,1,自由选,0,2643.3
广州,10万元,12月,8607,0.33,参考月利率 0.50%,1,48,分期还款,3,1,自由选,0,2643.3
广州,10万元,12月,10133,2.16,月管理费 1.80%,1,36,分期还款,2,2,信用贷,1,21600
南京,10万元,12月,10113,2.14,月管理费 1.78%,1,36,分期还款,3,2,信用贷,1,21360
南京,10万元,12月,10433,2.52,月管理费 2.10%,1,36,分期还款,3,2,信用贷,1,25200
南京,10万元,12月,10713,2.86,月管理费 2.38%,1,36,分期还款,3,2,信用贷,1,28560
南京,10万元,12月,10046,2.06,月管理费 3.00%,1,12,随借随还,0,1,抵押贷,1,36000
南京,10万元,12月,10046,2.06,月管理费 3.00%,1,12,随借随还,0,1,抵押贷,1,36000
南京,10万元,12月,10713,2.86,月管理费 2.38%,1,36,分期还款,3,2,信用贷,1,28560
南京,10万元,12月,10333,2.4,月管理费 2.00%,1,36,分期还款,3,3,信用贷,1,24000
南京,10万元,12月,10833,3,参考月利率 1.00%,1,12,分期还款,2,2,信用贷,0,3550.3
南京,10万元,12月,9749,1.9,参考月利率 1.00%,1,12,分期还款,3,2,抵押贷,0,4395.8
南京,10万元,12月,9833,1.8,参考月利率 1.50%,1,12,分期还款,10,5,抵押贷,1,6495.4
南京,10万元,12月,8607,0.33,参考月利率 0.50%,1,48,分期还款,3,1,自由选,0,2643.3
南京,10万元,12月,8607,0.33,参考月利率 0.50%,1,48,分期还款,3,1,自由选,0,2643.3
南京,10万元,12月,9613,1.54,参考月利率 0.37%,1,36,分期还款,1,0,信用贷,0,1665.7
南京,10万元,12月,10603,2.72,参考月利率 0.37%,1,36,分期还款,1,0,信用贷,0,1380
南京,10万元,12月,9613,1.54,参考月利率 0.37%,1,36,分期还款,1,0,信用贷,0,1665.7
南京,10万元,12月,9497,1.4,参考月利率 0.37%,1,36,分期还款,1,0,信用贷,0,1699.2
南京,10万元,12月,10113,2.14,月管理费 1.78%,1,36,分期还款,3,2,信用贷,1,21360
南京,10万元,12月,10113,2.14,月管理费 1.78%,1,36,分期还款,3,2,信用贷,1,21360
南京,10万元,12月,11833,4.2,月管理费 3.50%,1,12,分期还款,1,1,抵押贷,1,42000
上海,10万元,12月,9183,1.02,月管理费 0.85%,1,36,分期还款,2,2,信用贷,1,10200
上海,10万元,12月,9533,1.44,月管理费 1.20%,1,60,分期还款,1,1,信用贷,1,14400
上海,10万元,12月,9453,1.34,参考月利率 0.47%,1,12,分期还款,10,5,信用贷,1,2174.5
上海,10万元,12月,8695,0.43,参考月利率 0.66%,1,12,到期还款,20,15,信用贷,0,3443.8
上海,10万元,12月,10633,2.76,参考月利率 0.90%,1,12,分期还款,1,1,信用贷,1,3335.6
上海,10万元,12月,9613,1.54,参考月利率 0.45%,1,24,分期还款,15,10,信用贷,0,2025.8
上海,10万元,12月,10013,2.02,月管理费 1.68%,1,48,分期还款,3,2,信用贷,0,20160
上海,10万元,12月,10046,2.26,月管理费 3.00%,1,12,到期还款,2,1,抵押贷,0,36000
上海,10万元,12月,10333,2.4,月管理费 2.00%,1,12,分期还款,3,2,抵押贷,0,24000
上海,10万元,12月,8607,0.33,参考月利率 0.50%,1,48,分期还款,3,1,自由选,0,2643.3
上海,10万元,12月,9168,1,月管理费 1.50%,1,12,到期还款,1,1,抵押贷,0,18000
上海,10万元,12月,9456,1.75,月管理费 2.00%,1,12,到期还款,3,1,抵押贷,0,24000
上海,10万元,12月,10333,2.4,月管理费 2.00%,1,24,分期还款,1,1,信用贷,0,24000
上海,10万元,12月,12333,4.8,月管理费 4.00%,1,12,分期还款,1,1,抵押贷,0,48000
上海,10万元,12月,10333,2.4,月管理费 2.00%,1,12,分期还款,2,1,自由选,1,24000
上海,10万元,12月,8933,0.72,参考月利率 0.60%,1,36,分期还款,3,2,信用贷,1,3019.4
上海,10万元,12月,9168,1.3,参考月利率 1.50%,1,12,到期还款,1,1,抵押贷,0,7273.4
上海,10万元,12月,10333,2.4,月管理费 2.00%,1,24,分期还款,1,1,抵押贷,1,24000
上海,10万元,12月,10433,2.52,月管理费 2.10%,1,36,分期还款,5,3,信用贷,1,25200
西安,10万元,12月,10113,2.14,月管理费 1.78%,1,36,分期还款,3,1,信用贷,1,21360
西安,10万元,12月,11833,4.2,月管理费 3.50%,1,12,分期还款,3,3,抵押贷,1,42000
西安,10万元,12月,10333,2.4,参考月利率 1.50%,1,36,分期还款,5,2,信用贷,0,5910.4
西安,10万元,12月,9456,1.35,月管理费 2.00%,1,12,到期还款,3,1,抵押贷,0,24000
西安,10万元,12月,10333,2.4,月管理费 2.00%,1,12,分期还款,3,1,抵押贷,0,24000
西安,10万元,12月,11833,4.2,月管理费 3.50%,1,12,分期还款,1,1,抵押贷,1,42000
西安,10万元,12月,8607,0.33,参考月利率 0.50%,1,48,分期还款,3,1,自由选,0,2643.3
西安,10万元,12月,8607,0.33,参考月利率 0.50%,1,48,分期还款,3,1,自由选,0,2643.3
西安,10万元,12月,10713,2.86,月管理费 2.38%,1,36,分期还款,3,1,信用贷,1,28560
重庆,10万元,12月,11833,4.2,月管理费 3.50%,1,12,分期还款,3,3,抵押贷,1,42000
重庆,10万元,12月,10483,2.58,月管理费 2.15%,1,36,分期还款,2,2,信用贷,1,25800
重庆,10万元,12月,11313,3.58,月管理费 2.98%,1,12,分期还款,2,1,抵押贷,0,35760
重庆,10万元,12月,10483,2.58,月管理费 2.15%,1,36,分期还款,2,2,信用贷,1,25800
重庆,10万元,12月,8607,0.33,参考月利率 0.50%,1,48,分期还款,3,1,自由选,0,2643.3
重庆,10万元,12月,8607,0.33,参考月利率 0.50%,1,48,分期还款,3,1,自由选,0,2643.3
重庆,10万元,12月,9456,1.35,月管理费 2.00%,1,12,到期还款,1,1,抵押贷,0,24000
重庆,10万元,12月,9168,1.2,参考月利率 0.75%,1,12,到期还款,3,1,抵押贷,0,3636.7
重庆,10万元,12月,9583,1.5,参考月利率 1.25%,1,12,分期还款,3,2,抵押贷,0,5656.6
杭州,10万元,12月,8983,0.78,月管理费 0.65%,1,36,分期还款,10,7,信用贷,1,7800
杭州,10万元,12月,10633,2.76,月管理费 2.30%,1,36,分期还款,1,1,信用贷,1,27600
杭州,10万元,12月,10323,2.39,月管理费 1.99%,1,12,分期还款,1,1,抵押贷,1,23880
杭州,10万元,12月,10133,2.16,月管理费 1.80%,1,36,分期还款,1,1,信用贷,1,21600
杭州,10万元,12月,10133,2.16,月管理费 1.80%,1,36,分期还款,1,1,信用贷,1,21600
杭州,10万元,12月,8607,0.33,参考月利率 0.50%,1,48,分期还款,3,1,自由选,0,2643.3
杭州,10万元,12月,9214,1.26,参考月利率 1.58%,1,12,到期还款,3,2,抵押贷,0,7604.7
杭州,10万元,12月,9883,1.86,月管理费 1.55%,1,12,分期还款,2,1,抵押贷,1,18600
济南,10万元,12月,10333,2.4,月管理费 2.00%,1,36,分期还款,3,3,信用贷,1,24000
济南,10万元,12月,10333,2.4,月管理费 2.00%,1,12,分期还款,3,2,抵押贷,1,24000
济南,10万元,12月,8607,0.33,参考月利率 0.50%,1,48,分期还款,3,1,自由选,0,2643.3
济南,10万元,12月,9456,1.35,月管理费 2.00%,1,12,到期还款,2,1,抵押贷,0,24000
青岛,10万元,12月,10913,3.1,月管理费 2.58%,1,36,分期还款,5,3,信用贷,1,30960
青岛,10万元,12月,8885,0.86,月管理费 1.00%,1,24,到期还款,3,2,抵押贷,1,12000
青岛,10万元,12月,10633,2.76,月管理费 2.30%,1,36,分期还款,3,1,信用贷,1,27600
青岛,10万元,12月,9054,1.17,月管理费 1.30%,1,12,到期还款,3,2,抵押贷,1,15600
青岛,10万元,12月,10333,2.4,月管理费 2.00%,1,12,分期还款,5,3,信用贷,1,24000
青岛,10万元,12月,10913,3.1,月管理费 2.58%,1,36,分期还款,5,5,信用贷,1,30960
青岛,10万元,12月,10433,2.52,月管理费 2.10%,1,36,分期还款,3,1,信用贷,1,25200
青岛,10万元,12月,10633,2.76,月管理费 2.30%,1,36,分期还款,3,1,信用贷,1,27600
青岛,10万元,12月,10633,2.76,月管理费 2.30%,1,36,分期还款,3,1,信用贷,0,27600
青岛,10万元,12月,8607,0.33,参考月利率 0.50%,1,48,分期还款,3,1,自由选,0,2643.3
青岛,10万元,12月,8640,0.37,参考月利率 0.56%,1,12,到期还款,5,3,抵押贷,0,2946
青岛,10万元,12月,10333,2.4,月管理费 2.00%,1,36,分期还款,0,1,信用贷,1,24000
青岛,10万元,12月,10113,2.14,月管理费 1.78%,1,36,分期还款,5,3,信用贷,1,21360
青岛,10万元,12月,10133,2.16,月管理费 1.80%,1,36,分期还款,2,1,信用贷,1,21600
青岛,10万元,12月,10533,2.64,月管理费 2.20%,1,12,分期还款,3,2,抵押贷,0,26400
深圳,10万元,12月,10483,2.58,月管理费 2.15%,1,36,分期还款,1,1,信用贷,1,25800
深圳,10万元,12月,10483,2.58,月管理费 2.15%,1,36,分期还款,1,1,信用贷,1,25800
深圳,10万元,12月,10483,2.58,月管理费 2.15%,1,36,分期还款,1,1,信用贷,1,25800
深圳,10万元,12月,11833,4.2,月管理费 3.50%,1,36,分期还款,1,1,抵押贷,1,42000
深圳,10万元,12月,9456,1.35,月管理费 2.00%,1,36,随借随还,2,1,信用贷,1,24000
深圳,10万元,12月,9833,1.8,月管理费 1.50%,1,36,分期还款,2,1,信用贷,1,18000
深圳,10万元,12月,9333,1.2,月管理费 1.00%,1,36,分期还款,2,1,信用贷,1,12000
深圳,10万元,12月,10333,2.4,月管理费 2.00%,1,12,分期还款,1,1,抵押贷,1,24000
深圳,10万元,12月,10633,2.76,月管理费 2.30%,1,12,分期还款,3,2,信用贷,1,27600
深圳,10万元,12月,10333,2.4,月管理费 2.00%,1,24,分期还款,1,1,抵押贷,1,24000
深圳,10万元,12月,11833,4.2,月管理费 3.50%,1,36,分期还款,1,1,担保贷,1,42000
深圳,10万元,12月,8673,0.41,参考月利率 0.62%,1,24,随借随还,7,5,信用贷,1,3245.7
深圳,10万元,12月,10333,2.4,月管理费 2.00%,1,36,分期还款,5,3,信用贷,1,24000
深圳,10万元,12月,10833,3,月管理费 2.50%,1,12,分期还款,1,1,抵押贷,0,30000
深圳,10万元,12月,9343,1.21,参考月利率 0.51%,1,60,分期还款,5,3,信用贷,1,2403.4
深圳,10万元,12月,10333,2.4,月管理费 2.00%,1,12,分期还款,1,1,抵押贷,0,24000
深圳,10万元,12月,8333,0,一次性收费 3.00%,1,12,分期还款,15,1,抵押贷,0,3000
深圳,10万元,12月,11333,3.6,月管理费 3.00%,1,12,分期还款,3,1,抵押贷,0,36000
深圳,10万元,12月,10333,2.4,参考月利率 1.00%,1,24,分期还款,1,1,信用贷,0,3940.3
深圳,10万元,12月,9168,1.6,参考月利率 0.50%,1,12,到期还款,3,1,抵押贷,0,2424.5
深圳,10万元,12月,10046,2.06,月管理费 3.00%,1,12,到期还款,1,1,自由选,0,36000
深圳,10万元,12月,8885,1.06,月管理费 1.00%,1,36,分期还款,3,1,抵押贷,0,12000
深圳,10万元,12月,9133,0.96,月管理费 0.80%,1,24,分期还款,3,1,信用贷,0,9600
深圳,10万元,12月,11333,3.6,参考月利率 1.50%,1,12,分期还款,2,1,抵押贷,0,4740.4
深圳,10万元,12月,10833,3,月管理费 2.50%,1,12,分期还款,7,3,抵押贷,0,30000
深圳,10万元,12月,9456,1.35,月管理费 2.00%,1,18,到期还款,1,1,信用贷,0,24000
深圳,10万元,12月,9456,1.35,月管理费 2.00%,1,18,到期还款,1,1,信用贷,1,24000
天津,10万元,12月,10533,2.64,月管理费 2.20%,1,36,分期还款,5,3,信用贷,1,26400
天津,10万元,12月,9833,1.8,月管理费 1.50%,1,36,分期还款,2,1,信用贷,1,18000
天津,10万元,12月,10533,2.64,月管理费 2.20%,1,36,分期还款,5,3,信用贷,1,26400
天津,10万元,12月,9833,1.8,月管理费 1.50%,1,36,分期还款,2,1,信用贷,1,18000
天津,10万元,12月,10533,2.64,月管理费 2.20%,1,36,分期还款,5,3,信用贷,1,26400
天津,10万元,12月,9456,1.55,月管理费 2.00%,1,12,到期还款,2,1,抵押贷,0,24000
天津,10万元,12月,10333,2.4,月管理费 2.00%,1,12,分期还款,3,1,抵押贷,0,24000
天津,10万元,12月,9456,1.35,月管理费 2.00%,1,12,到期还款,3,1,抵押贷,0,24000
天津,10万元,12月,10033,2.04,月管理费 1.70%,1,12,分期还款,7,5,抵押贷,1,20400
天津,10万元,12月,11833,4.2,月管理费 3.50%,1,12,分期还款,1,1,抵押贷,1,42000
成都,10万元,12月,9633,1.56,月管理费 1.30%,1,36,分期还款,3,1,信用贷,1,15600
成都,10万元,12月,10513,2.62,月管理费 2.18%,1,36,分期还款,2,1,信用贷,1,26160
成都,10万元,12月,9633,1.56,月管理费 1.30%,1,36,分期还款,3,1,信用贷,1,15600
成都,10万元,12月,11833,4.2,月管理费 3.50%,1,12,分期还款,3,3,抵押贷,0,42000
成都,10万元,12月,10233,2.28,月管理费 1.90%,1,36,分期还款,3,3,信用贷,1,22800
成都,10万元,12月,10483,2.58,月管理费 2.15%,1,36,分期还款,2,2,信用贷,1,25800
成都,10万元,12月,9533,1.44,月管理费 1.20%,1,12,分期还款,11,10,信用贷,1,14400
成都,10万元,12月,10533,2.64,月管理费 2.20%,1,12,分期还款,3,2,抵押贷,0,26400
成都,10万元,12月,9683,1.62,参考月利率 0.65%,1,36,分期还款,3,2,信用贷,1,2890.7
成都,10万元,12月,9111,0.93,月管理费 1.40%,1,12,到期还款,3,1,抵押贷,1,16800
成都,10万元,12月,8607,0.33,参考月利率 0.50%,1,48,分期还款,3,1,自由选,0,2643.3
成都,10万元,12月,9456,1.35,月管理费 2.00%,1,12,到期还款,1,1,抵押贷,0,24000
成都,10万元,12月,10913,3.1,月管理费 2.58%,1,24,分期还款,3,1,抵押贷,0,30960
成都,10万元,12月,10893,3.07,月管理费 2.56%,1,36,分期还款,3,2,信用贷,0,30720
成都,10万元,12月,10893,3.07,月管理费 2.56%,1,36,分期还款,3,2,信用贷,0,30720
成都,10万元,12月,10223,2.27,月管理费 1.89%,1,48,分期还款,2,1,信用贷,1,22680
北京,10万元,12月,9631,1.56,月管理费 2.30%,2,12,到期还款,1,1,抵押贷,0,27600
杭州,10万元,12月,9225,1.07,月管理费 1.60%,2,24,到期还款,3,1,抵押贷,0,19200
杭州,10万元,12月,9749,1.75,月管理费 2.50%,2,24,到期还款,3,1,抵押贷,0,30000
济南,10万元,12月,10433,2.52,月管理费 2.10%,2,48,分期还款,2,1,信用贷,0,25200
北京,10万元,12月,9633,1.56,月管理费 1.30%,3,36,分期还款,3,1,信用贷,1,15600
北京,10万元,12月,9833,1.8,参考月利率 1.50%,3,36,分期还款,3,1,信用贷,0,6495.4
北京,10万元,12月,8773,0.53,参考月利率 0.80%,3,60,分期还款,5,3,信用贷,0,4125.6
北京,10万元,12月,10833,3,月管理费 2.50%,3,36,分期还款,3,1,信用贷,0,30000
北京,10万元,12月,10193,2.23,月管理费 1.86%,3,36,分期还款,5,3,信用贷,1,22320
北京,10万元,12月,9503,1.4,参考月利率 0.60%,3,48,分期还款,3,2,信用贷,1,2752.6
广州,10万元,12月,8983,0.78,月管理费 0.65%,3,36,分期还款,1,1,信用贷,1,7800
广州,10万元,12月,9168,1.2,参考月利率 1.50%,3,24,分期还款,5,3,信用贷,1,7273.4
广州,10万元,12月,10833,3,参考月利率 1.50%,3,18,分期还款,3,1,信用贷,1,5325.4
广州,10万元,12月,10833,3,参考月利率 1.50%,3,18,分期还款,3,1,信用贷,1,5325.4
广州,10万元,12月,9763,1.72,参考月利率 0.60%,3,60,分期还款,20,15,信用贷,1,2630.9
南京,10万元,12月,10113,2.14,月管理费 1.78%,3,36,分期还款,2,1,信用贷,1,21360
南京,10万元,12月,10633,2.76,月管理费 2.30%,3,12,分期还款,3,1,信用贷,1,27600
南京,10万元,12月,9392,1.27,参考月利率 1.89%,3,36,分期还款,3,1,信用贷,1,8834.3
南京,10万元,12月,12633,5.16,月管理费 4.30%,3,12,分期还款,1,1,抵押贷,0,51600
南京,10万元,12月,10633,2.76,月管理费 2.30%,3,12,分期还款,3,1,信用贷,1,27600
南京,10万元,12月,9983,1.98,参考月利率 1.40%,3,36,分期还款,3,1,信用贷,0,5898.6
南京,10万元,12月,10167,2.2,月管理费 3.20%,3,12,到期还款,1,1,抵押贷,0,38400
南京,10万元,12月,9463,1.36,月管理费 1.13%,3,12,分期还款,2,2,抵押贷,0,13560
上海,10万元,12月,10193,2.23,月管理费 1.86%,3,36,分期还款,5,3,信用贷,1,22320
上海,10万元,12月,9168,1.4,月管理费 1.50%,3,12,分期还款,1,1,抵押贷,1,18000
上海,10万元,12月,9225,1.07,参考月利率 1.60%,3,36,到期还款,7,3,抵押贷,1,7687.2
上海,10万元,12月,10633,2.76,月管理费 2.30%,3,12,分期还款,3,1,信用贷,0,27600
上海,10万元,12月,10633,2.76,月管理费 2.30%,3,12,分期还款,3,1,信用贷,0,27600
上海,10万元,12月,11333,3.6,月管理费 3.00%,3,36,分期还款,1,1,信用贷,0,36000
上海,10万元,12月,10913,3.1,月管理费 2.58%,3,36,分期还款,3,3,自由选,1,30960
上海,10万元,12月,10233,2.28,月管理费 1.90%,3,12,分期还款,1,1,抵押贷,0,22800
上海,10万元,12月,9168,1.4,月管理费 1.50%,3,12,到期还款,2,1,抵押贷,1,18000
上海,10万元,12月,9593,1.51,参考月利率 0.60%,3,48,分期还款,15,7,信用贷,1,2710.5
上海,10万元,12月,9733,1.68,月管理费 1.40%,3,48,分期还款,3,2,信用贷,1,16800
上海,10万元,12月,10193,2.23,月管理费 1.86%,3,36,分期还款,3,1,信用贷,1,22320
上海,10万元,12月,9683,1.62,参考月利率 0.60%,3,36,分期还款,5,3,信用贷,1,2668.4
上海,10万元,12月,10333,2.4,月管理费 2.00%,3,36,分期还款,5,3,信用贷,1,24000
西安,10万元,12月,9413,1.3,月管理费 1.08%,3,12,分期还款,1,1,信用贷,0,12960
西安,10万元,12月,10433,2.52,月管理费 2.10%,3,36,分期还款,2,1,信用贷,0,25200
重庆,10万元,12月,9413,1.3,月管理费 1.08%,3,12,分期还款,1,1,信用贷,0,12960
重庆,10万元,12月,10193,2.23,月管理费 1.86%,3,36,分期还款,3,2,信用贷,1,22320
重庆,10万元,12月,10633,2.76,月管理费 2.30%,3,36,分期还款,3,2,信用贷,1,27600
重庆,10万元,12月,10683,2.82,月管理费 2.35%,3,36,分期还款,3,1,信用贷,1,28200
重庆,10万元,12月,10213,2.26,月管理费 1.88%,3,36,分期还款,3,1,信用贷,0,22560
重庆,10万元,12月,10533,2.64,月管理费 2.20%,3,36,分期还款,1,1,信用贷,0,26400
重庆,10万元,12月,10533,2.64,月管理费 2.20%,3,36,分期还款,1,1,信用贷,0,26400
重庆,10万元,12月,9833,1.8,月管理费 1.50%,3,12,分期还款,3,1,信用贷,1,18000
重庆,10万元,12月,10633,2.76,月管理费 2.30%,3,36,分期还款,3,2,信用贷,0,27600
重庆,10万元,12月,10693,2.83,参考月利率 1.50%,3,36,分期还款,1,1,信用贷,0,5489.2
重庆,10万元,12月,10633,2.76,参考月利率 1.00%,3,36,分期还款,3,2,信用贷,0,3706.3
重庆,10万元,12月,10633,2.76,参考月利率 1.00%,3,36,分期还款,3,2,信用贷,0,3706.3
重庆,10万元,12月,10193,2.23,月管理费 1.86%,3,24,分期还款,5,3,信用贷,1,22320
杭州,10万元,12月,10833,3,月管理费 2.50%,3,24,分期还款,3,3,信用贷,1,30000
杭州,10万元,12月,9683,1.62,参考月利率 0.60%,3,36,分期还款,6,5,信用贷,1,2668.4
杭州,10万元,12月,10433,2.52,月管理费 2.10%,3,48,分期还款,2,1,信用贷,1,25200
杭州,10万元,12月,9683,1.62,参考月利率 0.60%,3,36,分期还款,6,5,信用贷,1,2668.4
杭州,10万元,12月,10633,2.76,月管理费 2.30%,3,12,分期还款,4,1,信用贷,1,27600
杭州,10万元,12月,10583,2.7,月管理费 2.25%,3,12,分期还款,3,1,信用贷,0,27000
杭州,10万元,12月,9833,1.8,月管理费 1.50%,3,36,分期还款,3,1,信用贷,0,18000
杭州,10万元,12月,10323,2.39,月管理费 1.99%,3,12,分期还款,2,1,抵押贷,0,23880
杭州,10万元,12月,10833,3,月管理费 2.50%,3,18,分期还款,1,1,抵押贷,0,30000
济南,10万元,12月,9413,1.3,月管理费 1.08%,3,12,分期还款,1,1,信用贷,0,12960
青岛,10万元,12月,9413,1.3,月管理费 1.08%,3,12,分期还款,1,1,信用贷,1,12960
青岛,10万元,12月,10333,2.4,月管理费 2.00%,3,36,分期还款,3,3,信用贷,1,24000
青岛,10万元,12月,10833,3,月管理费 2.50%,3,36,分期还款,3,2,信用贷,1,30000
青岛,10万元,12月,9168,1.2,参考月利率 1.50%,3,24,分期还款,5,3,信用贷,0,7273.4
深圳,10万元,12月,8885,1.06,参考月利率 1.00%,3,60,分期还款,15,7,抵押贷,1,5069.7
深圳,10万元,12月,10633,2.76,月管理费 2.30%,3,36,分期还款,3,1,信用贷,0,27600
深圳,10万元,12月,10633,2.76,参考月利率 0.90%,3,24,分期还款,3,1,信用贷,1,3335.6
深圳,10万元,12月,10633,2.76,月管理费 2.30%,3,36,分期还款,3,2,信用贷,1,27600
深圳,10万元,12月,10633,2.76,参考月利率 0.90%,3,36,分期还款,3,3,自由选,1,3335.6
深圳,10万元,12月,9633,1.56,参考月利率 1.30%,3,36,分期还款,4,3,信用贷,1,5832.1
深圳,10万元,12月,9333,1.2,月管理费 1.00%,3,60,分期还款,3,2,信用贷,1,12000
深圳,10万元,12月,10633,2.76,月管理费 2.30%,3,36,分期还款,1,1,信用贷,1,27600
深圳,10万元,12月,10633,2.76,月管理费 2.30%,3,36,分期还款,1,1,信用贷,0,27600
深圳,10万元,12月,10633,2.76,月管理费 2.30%,3,24,分期还款,2,1,信用贷,1,27600
深圳,10万元,12月,10333,2.4,参考月利率 1.30%,3,36,分期还款,3,2,信用贷,0,5122.3
深圳,10万元,12月,10633,2.76,月管理费 2.30%,3,36,分期还款,3,1,信用贷,0,27600
深圳,10万元,12月,10333,2.4,月管理费 2.00%,3,18,分期还款,1,1,抵押贷,1,24000
深圳,10万元,12月,10633,2.76,月管理费 2.30%,3,24,分期还款,3,1,信用贷,1,27600
深圳,10万元,12月,9749,1.7,月管理费 2.50%,3,12,到期还款,3,1,担保贷,0,30000
天津,10万元,12月,10163,2.2,参考月利率 0.73%,3,36,分期还款,3,3,自由选,1,2973.2
天津,10万元,12月,10333,2.4,月管理费 2.00%,3,18,分期还款,2,2,自由选,1,24000
天津,10万元,12月,10193,2.23,月管理费 1.86%,3,36,分期还款,5,3,信用贷,1,22320
天津,10万元,12月,9413,1.3,月管理费 1.08%,3,12,分期还款,1,1,信用贷,0,12960
天津,10万元,12月,9953,1.94,参考月利率 0.72%,3,12,分期还款,3,3,信用贷,1,3050.4
天津,10万元,12月,9953,1.94,参考月利率 0.72%,3,12,分期还款,3,3,信用贷,1,3050.4
天津,10万元,12月,10193,2.23,月管理费 1.86%,3,36,分期还款,5,3,信用贷,1,22320
天津,10万元,12月,10163,2.2,参考月利率 0.73%,3,36,分期还款,2,1,信用贷,1,2973.2
天津,10万元,12月,10133,2.16,月管理费 1.80%,3,36,分期还款,3,2,信用贷,1,21600
成都,10万元,12月,10193,2.23,月管理费 1.86%,3,36,分期还款,3,2,信用贷,1,22320
成都,10万元,12月,9413,1.3,月管理费 1.08%,3,12,分期还款,1,1,信用贷,0,12960
成都,10万元,12月,10633,2.76,参考月利率 1.00%,3,36,分期还款,3,2,信用贷,1,3706.3
成都,10万元,12月,9163,1,月管理费 0.83%,3,36,分期还款,3,1,信用贷,0,9960
成都,10万元,12月,10913,3.1,月管理费 2.58%,3,24,分期还款,3,1,信用贷,0,30960
成都,10万元,12月,9533,1.44,月管理费 1.20%,3,60,分期还款,15,8,抵押贷,0,14400
成都,10万元,12月,9183,1.02,月管理费 0.85%,3,36,分期还款,3,2,信用贷,0,10200
成都,10万元,12月,9183,1.02,月管理费 0.85%,3,36,分期还款,2,1,信用贷,0,10200
成都,10万元,12月,10433,2.52,月管理费 2.10%,3,48,分期还款,2,2,信用贷,1,25200
成都,10万元,12月,10193,2.23,月管理费 1.86%,3,36,分期还款,5,3,信用贷,1,22320
北京,10万元,12月,10763,2.92,月管理费 2.43%,6,36,分期还款,5,3,信用贷,1,29160
北京,10万元,12月,10283,2.34,月管理费 1.95%,6,36,分期还款,5,3,信用贷,0,23400
北京,10万元,12月,9113,0.94,参考月利率 0.78%,6,60,分期还款,3,1,信用贷,1,3815.7
北京,10万元,12月,10333,2.4,月管理费 2.00%,6,36,分期还款,3,1,信用贷,1,24000
北京,10万元,12月,10083,2.1,月管理费 1.75%,6,36,分期还款,2,1,信用贷,1,21000
北京,10万元,12月,9133,0.96,参考月利率 0.80%,6,60,分期还款,3,1,信用贷,1,3901
北京,10万元,12月,9333,1.2,参考月利率 1.00%,6,36,分期还款,3,1,自由选,1,4720.3
北京,10万元,12月,10633,2.76,月管理费 2.30%,6,36,分期还款,3,2,信用贷,1,27600
北京,10万元,12月,10133,2.16,月管理费 1.80%,6,36,分期还款,3,2,信用贷,0,21600
北京,10万元,12月,8829,0.59,月管理费 0.90%,6,60,分期还款,3,1,信用贷,0,10800
北京,10万元,12月,8690,0.43,参考月利率 0.65%,6,48,分期还款,3,1,信用贷,1,3394.2
北京,10万元,12月,10763,2.92,月管理费 2.43%,6,36,分期还款,3,2,信用贷,0,29160
北京,10万元,12月,8662,0.39,参考月利率 0.60%,6,48,分期还款,3,1,信用贷,1,3146.2
北京,10万元,12月,8933,0.72,月管理费 0.60%,6,36,分期还款,7,4,信用贷,1,7200
北京,10万元,12月,8607,0.33,参考月利率 0.50%,6,36,分期还款,5,3,信用贷,1,2643.3
北京,10万元,12月,8690,0.43,参考月利率 0.65%,6,48,分期还款,3,1,信用贷,1,3394.2
北京,10万元,12月,8662,0.39,参考月利率 0.60%,6,60,分期还款,2,1,信用贷,1,3146.2
北京,10万元,12月,10233,2.28,月管理费 1.90%,6,36,分期还款,5,3,信用贷,1,22800
北京,10万元,12月,9113,0.94,月管理费 0.78%,6,36,分期还款,3,3,信用贷,0,9360
北京,10万元,12月,9483,1.38,参考月利率 0.50%,6,12,分期还款,3,2,信用贷,1,2301.6
广州,10万元,12月,9054,0.87,参考月利率 1.30%,6,48,分期还款,3,1,信用贷,1,6419.2
广州,10万元,12月,10133,2.16,月管理费 1.80%,6,36,分期还款,3,2,信用贷,1,21600
广州,10万元,12月,8983,0.78,月管理费 0.65%,6,60,分期还款,3,1,信用贷,1,7800
广州,10万元,12月,9733,1.68,参考月利率 1.00%,6,36,分期还款,4,3,信用贷,1,4408.3
广州,10万元,12月,8607,0.33,参考月利率 0.50%,6,120,分期还款,15,7,抵押贷,1,2643.3
广州,10万元,12月,9833,1.8,参考月利率 1.50%,6,36,分期还款,2,1,信用贷,0,6495.4
广州,10万元,12月,11133,3.36,月管理费 2.80%,6,36,分期还款,3,1,信用贷,0,33600
广州,10万元,12月,8829,0.59,参考月利率 0.90%,6,36,分期还款,3,3,信用贷,1,4602
广州,10万元,12月,10133,2.16,月管理费 1.80%,6,36,分期还款,3,2,信用贷,1,21600
广州,10万元,12月,10893,3.07,月管理费 2.56%,6,36,分期还款,3,1,信用贷,0,30720
广州,10万元,12月,10223,2.27,月管理费 1.89%,6,36,分期还款,3,1,信用贷,0,22680
广州,10万元,12月,8607,0.33,参考月利率 0.50%,6,48,分期还款,3,1,信用贷,1,2643.3
广州,10万元,12月,9183,1.02,月管理费 0.85%,6,36,分期还款,1,1,信用贷,1,10200
广州,10万元,12月,9613,1.54,参考月利率 0.60%,6,12,分期还款,15,10,信用贷,1,2701.1
广州,10万元,12月,10633,2.76,月管理费 2.30%,6,24,分期还款,4,2,信用贷,1,27600
广州,10万元,12月,9054,0.87,参考月利率 1.30%,6,48,分期还款,3,1,信用贷,1,6419.2
广州,10万元,12月,8607,0.33,参考月利率 0.50%,6,48,分期还款,3,1,信用贷,1,2643.3
广州,10万元,12月,8607,0.33,参考月利率 0.50%,6,48,分期还款,3,1,信用贷,1,2643.3
南京,10万元,12月,10663,2.8,月管理费 2.33%,6,48,分期还款,2,2,信用贷,1,27960
南京,10万元,12月,10333,2.4,月管理费 2.00%,6,24,分期还款,3,1,信用贷,1,24000
南京,10万元,12月,10633,2.76,月管理费 2.30%,6,24,分期还款,3,1,信用贷,1,27600
南京,10万元,12月,10333,2.4,月管理费 2.00%,6,36,分期还款,3,2,信用贷,1,24000
南京,10万元,12月,10633,2.76,月管理费 2.30%,6,36,分期还款,5,1,信用贷,1,27600
南京,10万元,12月,10763,2.92,月管理费 2.43%,6,36,分期还款,3,3,信用贷,1,29160
南京,10万元,12月,10633,2.76,月管理费 2.30%,6,24,分期还款,3,1,信用贷,1,27600
上海,10万元,12月,10233,2.28,月管理费 1.90%,6,36,分期还款,3,1,信用贷,1,22800
上海,10万元,12月,10763,2.92,月管理费 2.43%,6,24,分期还款,1,1,信用贷,0,29160
上海,10万元,12月,10283,2.34,月管理费 1.95%,6,36,分期还款,5,3,信用贷,0,23400
上海,10万元,12月,9333,1.2,参考月利率 1.00%,6,36,分期还款,1,1,信用贷,1,4720.3
上海,10万元,12月,10893,3.07,月管理费 2.56%,6,36,分期还款,3,2,信用贷,1,30720
上海,10万元,12月,9213,1.06,月管理费 0.88%,6,36,分期还款,2,1,抵押贷,0,10560
上海,10万元,12月,8933,0.72,参考月利率 0.60%,6,36,分期还款,3,1,信用贷,0,3019.4
上海,10万元,12月,9213,1.06,月管理费 0.88%,6,36,分期还款,3,1,信用贷,0,10560
上海,10万元,12月,10333,2.4,月管理费 2.00%,6,36,分期还款,3,2,信用贷,1,24000
上海,10万元,12月,10333,2.4,月管理费 2.00%,6,36,分期还款,3,1,信用贷,1,24000
上海,10万元,12月,10663,2.8,月管理费 2.33%,6,36,分期还款,2,2,信用贷,1,27960
上海,10万元,12月,9333,1.2,参考月利率 1.00%,6,36,分期还款,2,2,抵押贷,1,4720.3
上海,10万元,12月,8874,0.65,参考月利率 0.50%,6,48,分期还款,6,3,信用贷,0,2539.1
上海,10万元,12月,10333,2.4,月管理费 2.00%,6,36,分期还款,3,2,信用贷,0,24000
上海,10万元,12月,8607,0.33,参考月利率 0.50%,6,48,分期还款,3,1,信用贷,1,2643.3
上海,10万元,12月,9683,1.62,参考月利率 0.60%,6,36,分期还款,5,3,信用贷,1,2668.4
上海,10万元,12月,8607,0.33,参考月利率 0.50%,6,48,分期还款,3,1,信用贷,1,2643.3
上海,10万元,12月,9162,0.99,参考月利率 1.49%,6,36,分期还款,2,2,信用贷,1,7231.9
上海,10万元,12月,9254,1.1,参考月利率 1.65%,6,60,分期还款,3,2,信用贷,1,7890.1
上海,10万元,12月,10763,2.92,月管理费 2.43%,6,36,分期还款,5,3,信用贷,1,29160
上海,10万元,12月,8607,0.33,参考月利率 0.50%,6,48,分期还款,3,1,信用贷,1,2643.3
上海,10万元,12月,10713,2.86,月管理费 2.38%,6,36,分期还款,3,1,信用贷,1,28560
上海,10万元,12月,10233,2.28,月管理费 1.90%,6,36,分期还款,5,3,信用贷,0,22800
上海,10万元,12月,10133,2.16,月管理费 1.80%,6,36,分期还款,3,2,信用贷,1,21600
上海,10万元,12月,10033,2.04,月管理费 1.70%,6,36,分期还款,3,2,信用贷,1,20400
上海,10万元,12月,9333,1.2,月管理费 1.00%,6,36,分期还款,3,2,信用贷,1,12000
上海,10万元,12月,10433,2.52,月管理费 2.10%,6,36,分期还款,3,2,信用贷,1,25200
上海,10万元,12月,8607,0.33,参考月利率 0.50%,6,48,分期还款,3,1,信用贷,1,2643.3
西安,10万元,12月,10763,2.92,月管理费 2.43%,6,36,分期还款,5,3,信用贷,1,29160
西安,10万元,12月,10633,2.76,月管理费 2.30%,6,36,分期还款,3,2,信用贷,1,27600
西安,10万元,12月,10233,2.28,月管理费 1.90%,6,36,分期还款,5,3,信用贷,0,22800
西安,10万元,12月,9113,0.94,月管理费 0.78%,6,36,分期还款,3,3,信用贷,1,9360
西安,10万元,12月,10633,2.76,月管理费 2.30%,6,24,分期还款,3,1,信用贷,0,27600
西安,10万元,12月,10283,2.34,月管理费 1.95%,6,36,分期还款,5,3,信用贷,0,23400
西安,10万元,12月,10763,2.92,月管理费 2.43%,6,24,分期还款,1,1,信用贷,0,29160
西安,10万元,12月,10253,2.3,月管理费 1.92%,6,36,分期还款,2,1,信用贷,1,23040
西安,10万元,12月,9333,1.2,月管理费 1.00%,6,36,分期还款,2,1,信用贷,1,12000
西安,10万元,12月,10133,2.16,月管理费 1.80%,6,18,分期还款,3,1,信用贷,1,21600
西安,10万元,12月,10133,2.16,月管理费 1.80%,6,36,分期还款,3,1,信用贷,1,21600
西安,10万元,12月,10633,2.76,参考月利率 1.00%,6,24,分期还款,3,1,信用贷,0,3706.3
西安,10万元,12月,9572,1.49,月管理费 2.20%,6,18,分期还款,3,2,信用贷,1,26400
西安,10万元,12月,10133,2.16,月管理费 1.80%,6,36,分期还款,3,2,信用贷,0,21600
西安,10万元,12月,10333,2.4,月管理费 2.00%,6,24,分期还款,5,3,信用贷,0,24000
西安,10万元,12月,9233,1.08,参考月利率 0.90%,6,36,分期还款,3,2,抵押贷,0,4318.4
西安,10万元,12月,10763,2.92,月管理费 2.43%,6,36,分期还款,3,2,信用贷,0,29160
西安,10万元,12月,9113,0.94,月管理费 0.78%,6,36,分期还款,3,3,信用贷,1,9360
重庆,10万元,12月,10433,2.52,月管理费 2.10%,6,36,分期还款,3,2,信用贷,1,25200
重庆,10万元,12月,10333,2.4,月管理费 2.00%,6,36,分期还款,3,3,信用贷,1,24000
重庆,10万元,12月,9733,1.68,月管理费 1.40%,6,36,分期还款,4,3,信用贷,1,16800
重庆,10万元,12月,10133,2.16,月管理费 1.80%,6,36,分期还款,1,1,信用贷,1,21600
重庆,10万元,12月,10633,2.76,月管理费 2.30%,6,36,分期还款,3,2,信用贷,1,27600
重庆,10万元,12月,10633,2.76,参考月利率 0.90%,6,24,分期还款,3,2,信用贷,1,3335.6
重庆,10万元,12月,10633,2.76,月管理费 2.30%,6,48,分期还款,3,2,信用贷,0,27600
重庆,10万元,12月,9398,1.48,参考月利率 0.90%,6,48,到期还款,3,1,抵押贷,0,4202.6
重庆,10万元,12月,10533,2.64,月管理费 2.20%,6,36,分期还款,3,2,信用贷,1,26400
重庆,10万元,12月,8690,0.43,参考月利率 0.65%,6,48,分期还款,3,1,信用贷,1,3394.2
重庆,10万元,12月,8690,0.43,参考月利率 0.65%,6,48,分期还款,3,1,信用贷,1,3394.2
杭州,10万元,12月,8829,0.59,参考月利率 0.90%,6,48,分期还款,3,1,信用贷,1,4602
杭州,10万元,12月,9168,1,参考月利率 1.50%,6,60,分期还款,2,1,信用贷,1,7273.4
杭州,10万元,12月,9333,1.2,参考月利率 0.50%,6,36,分期还款,3,1,信用贷,1,2360.1
杭州,10万元,12月,10333,2.4,月管理费 2.00%,6,36,分期还款,3,1,信用贷,1,24000
杭州,10万元,12月,10763,2.92,月管理费 2.43%,6,36,分期还款,5,3,信用贷,1,29160
杭州,10万元,12月,9933,1.92,月管理费 1.60%,6,36,分期还款,3,2,信用贷,1,19200
杭州,10万元,12月,9933,1.92,月管理费 1.60%,6,36,分期还款,3,2,信用贷,1,19200
杭州,10万元,12月,10333,2.4,月管理费 2.00%,6,36,分期还款,3,1,信用贷,1,24000
济南,10万元,12月,10763,2.92,月管理费 2.43%,6,36,分期还款,5,3,信用贷,1,29160
济南,10万元,12月,10233,2.28,月管理费 1.90%,6,36,分期还款,5,3,信用贷,0,22800
济南,10万元,12月,9398,1.48,参考月利率 1.00%,6,36,分期还款,3,1,信用贷,0,4669.6
济南,10万元,12月,10763,2.92,月管理费 2.43%,6,24,分期还款,1,1,信用贷,0,29160
济南,10万元,12月,10283,2.34,月管理费 1.95%,6,36,分期还款,5,3,信用贷,0,23400
济南,10万元,12月,9333,1.2,参考月利率 0.40%,6,24,分期还款,5,3,信用贷,1,1888.1
济南,10万元,12月,10033,2.04,月管理费 1.70%,6,36,分期还款,3,2,信用贷,1,20400
济南,10万元,12月,9983,1.98,月管理费 1.65%,6,36,分期还款,2,1,信用贷,0,19800
济南,10万元,12月,10613,2.74,月管理费 2.28%,6,36,分期还款,3,1,信用贷,0,27360
济南,10万元,12月,10633,2.76,月管理费 2.30%,6,36,分期还款,3,2,信用贷,0,27600
济南,10万元,12月,10613,2.74,参考月利率 1.00%,6,36,分期还款,3,2,信用贷,0,3721.9
济南,10万元,12月,10763,2.92,月管理费 2.43%,6,36,分期还款,3,2,信用贷,1,29160
济南,10万元,12月,10893,3.07,月管理费 2.56%,6,36,分期还款,5,3,信用贷,0,30720
青岛,10万元,12月,10763,2.92,月管理费 2.43%,6,36,分期还款,5,3,信用贷,1,29160
青岛,10万元,12月,10233,2.28,月管理费 1.90%,6,36,分期还款,5,3,信用贷,0,22800
青岛,10万元,12月,9833,1.8,月管理费 1.50%,6,18,分期还款,3,1,信用贷,1,18000
青岛,10万元,12月,9833,1.8,月管理费 1.50%,6,36,分期还款,3,1,信用贷,1,18000
青岛,10万元,12月,9392,1.27,月管理费 1.89%,6,24,分期还款,3,2,信用贷,1,22680
青岛,10万元,12月,10713,2.86,月管理费 2.38%,6,36,分期还款,3,1,信用贷,0,28560
青岛,10万元,12月,11833,4.2,月管理费 3.50%,6,12,分期还款,2,1,信用贷,0,42000
青岛,10万元,12月,10533,2.64,月管理费 2.20%,6,36,分期还款,3,2,信用贷,0,26400
深圳,10万元,12月,9683,1.62,参考月利率 0.60%,6,36,分期还款,7,5,信用贷,1,2668.4
深圳,10万元,12月,10763,2.92,月管理费 2.43%,6,36,分期还款,5,3,信用贷,0,29160
深圳,10万元,12月,10233,2.28,月管理费 1.90%,6,36,分期还款,5,3,信用贷,0,22800
深圳,10万元,12月,10333,2.4,月管理费 2.00%,6,24,分期还款,2,2,自由选,1,24000
深圳,10万元,12月,8801,0.56,月管理费 0.85%,6,36,到期还款,2,1,信用贷,1,10200
深圳,10万元,12月,8885,0.66,月管理费 1.00%,6,36,到期还款,2,1,信用贷,0,12000
深圳,10万元,12月,10613,2.74,月管理费 2.28%,6,24,分期还款,1,1,信用贷,0,27360
深圳,10万元,12月,9303,1.16,参考月利率 0.97%,6,24,分期还款,5,3,信用贷,1,4601.4
深圳,10万元,12月,9833,1.8,参考月利率 1.30%,6,18,分期还款,3,1,信用贷,1,5629.3
深圳,10万元,12月,10333,2.4,月管理费 2.00%,6,36,分期还款,3,1,信用贷,1,24000
深圳,10万元,12月,8640,0.37,参考月利率 0.56%,6,360,分期还款,20,10,抵押贷,0,2946
深圳,10万元,12月,9340,1.21,月管理费 1.80%,6,24,到期还款,1,1,抵押贷,0,21600
深圳,10万元,12月,8885,0.96,参考月利率 1.00%,6,36,分期还款,3,1,信用贷,0,5069.7
深圳,10万元,12月,9333,1.2,参考月利率 1.00%,6,36,分期还款,3,1,信用贷,0,4720.3
深圳,10万元,12月,10763,2.92,月管理费 2.43%,6,24,分期还款,1,1,信用贷,0,29160
深圳,10万元,12月,10283,2.34,月管理费 1.95%,6,36,分期还款,5,3,信用贷,0,23400
深圳,10万元,12月,10763,2.92,月管理费 2.43%,6,36,分期还款,3,2,信用贷,0,29160
深圳,10万元,12月,9054,0.87,参考月利率 1.30%,6,48,分期还款,3,1,信用贷,1,6419.2
深圳,10万元,12月,8607,0.33,参考月利率 0.50%,6,48,分期还款,3,1,信用贷,1,2643.3
天津,10万元,12月,10133,2.16,月管理费 1.80%,6,24,分期还款,3,3,信用贷,1,21600
天津,10万元,12月,10763,2.92,月管理费 2.43%,6,36,分期还款,5,3,信用贷,1,29160
天津,10万元,12月,10233,2.28,月管理费 1.90%,6,36,分期还款,5,3,信用贷,0,22800
天津,10万元,12月,10163,2.2,参考月利率 0.73%,6,36,分期还款,3,3,自由选,1,2973.2
天津,10万元,12月,10133,2.16,月管理费 1.80%,6,24,分期还款,3,3,信用贷,0,21600
天津,10万元,12月,10333,2.4,月管理费 2.00%,6,36,分期还款,3,1,信用贷,1,24000
天津,10万元,12月,10833,3,月管理费 2.50%,6,24,分期还款,3,3,信用贷,1,30000
天津,10万元,12月,10763,2.92,月管理费 2.43%,6,24,分期还款,1,1,信用贷,0,29160
天津,10万元,12月,10283,2.34,月管理费 1.95%,6,36,分期还款,5,3,信用贷,0,23400
天津,10万元,12月,10323,2.39,月管理费 1.99%,6,24,分期还款,2,2,信用贷,0,23880
天津,10万元,12月,10763,2.92,月管理费 2.43%,6,36,分期还款,3,2,信用贷,1,29160
天津,10万元,12月,10333,2.4,月管理费 2.00%,6,24,分期还款,1,1,信用贷,0,24000
成都,10万元,12月,10763,2.92,月管理费 2.43%,6,36,分期还款,5,3,信用贷,1,29160
成都,10万元,12月,10233,2.28,月管理费 1.90%,6,36,分期还款,5,3,信用贷,0,22800
成都,10万元,12月,10833,3,月管理费 2.50%,6,24,分期还款,3,2,信用贷,1,30000
成都,10万元,12月,10633,2.76,月管理费 2.30%,6,24,分期还款,3,1,信用贷,0,27600
成都,10万元,12月,10763,2.92,月管理费 2.43%,6,24,分期还款,1,1,信用贷,0,29160
成都,10万元,12月,10283,2.34,月管理费 1.95%,6,36,分期还款,5,3,信用贷,0,23400
成都,10万元,12月,9133,0.96,月管理费 0.80%,6,36,分期还款,3,1,信用贷,0,9600
成都,10万元,12月,9133,0.96,月管理费 0.80%,6,36,分期还款,3,1,信用贷,0,9600
成都,10万元,12月,9633,1.56,参考月利率 1.30%,6,36,分期还款,3,3,抵押贷,1,5832.1
成都,10万元,12月,9633,1.56,月管理费 1.30%,6,36,分期还款,5,3,抵押贷,0,15600
成都,10万元,12月,10333,2.4,月管理费 2.00%,6,36,分期还款,1,1,信用贷,1,24000
成都,10万元,12月,10133,2.16,月管理费 1.80%,6,36,分期还款,1,1,信用贷,0,21600
成都,10万元,12月,10833,3,月管理费 2.50%,6,24,分期还款,3,2,信用贷,0,30000
成都,10万元,12月,10663,2.8,月管理费 2.33%,6,48,分期还款,2,2,信用贷,1,27960
成都,10万元,12月,10633,2.76,月管理费 2.30%,6,24,分期还款,3,1,信用贷,0,27600
成都,10万元,12月,10663,2.8,月管理费 2.33%,6,24,分期还款,5,2,信用贷,0,27960
成都,10万元,12月,10763,2.92,月管理费 2.43%,6,36,分期还款,3,2,信用贷,1,29160
成都,10万元,12月,8690,0.43,参考月利率 0.65%,6,60,分期还款,4,3,信用贷,1,3394.2
北京,10万元,12月,8662,0.39,参考月利率 0.60%,12,48,分期还款,2,1,信用贷,1,3146.2
北京,10万元,12月,8933,0.72,参考月利率 0.60%,12,48,分期还款,3,2,信用贷,1,3019.4
北京,10万元,12月,9048,0.86,月管理费 1.29%,12,48,到期还款,2,1,信用贷,1,15480
北京,10万元,12月,10833,3,月管理费 2.50%,12,36,分期还款,2,1,信用贷,1,30000
北京,10万元,12月,9048,0.86,月管理费 1.29%,12,48,到期还款,2,1,信用贷,0,15480
北京,10万元,12月,9833,1.8,月管理费 1.50%,12,36,分期还款,3,2,信用贷,1,18000
北京,10万元,12月,10433,2.52,月管理费 2.10%,12,36,分期还款,3,1,信用贷,1,25200
北京,10万元,12月,10713,2.86,月管理费 2.38%,12,36,分期还款,3,2,信用贷,1,28560
北京,10万元,12月,10633,2.76,月管理费 2.30%,12,36,分期还款,3,2,信用贷,1,27600
北京,10万元,12月,10713,2.86,月管理费 2.38%,12,36,分期还款,3,1,信用贷,1,28560
北京,10万元,12月,10613,2.74,月管理费 2.28%,12,36,分期还款,3,1,信用贷,1,27360
北京,10万元,12月,10533,2.64,月管理费 2.20%,12,36,分期还款,3,1,信用贷,1,26400
北京,10万元,12月,10833,3,月管理费 2.50%,12,36,分期还款,3,1,信用贷,1,30000
北京,10万元,12月,10633,2.76,月管理费 2.30%,12,24,分期还款,2,2,信用贷,1,27600
北京,10万元,12月,9514,1.42,月管理费 2.10%,12,18,分期还款,5,1,信用贷,0,25200
北京,10万元,12月,10633,2.76,月管理费 2.30%,12,24,分期还款,3,2,信用贷,1,27600
北京,10万元,12月,10113,2.14,月管理费 1.78%,12,36,分期还款,2,2,信用贷,1,21360
北京,10万元,12月,10913,3.1,月管理费 2.58%,12,36,分期还款,3,1,信用贷,1,30960
北京,10万元,12月,9163,1,月管理费 0.83%,12,36,分期还款,3,1,抵押贷,1,9960
北京,10万元,12月,10213,2.26,月管理费 1.88%,12,36,分期还款,3,2,信用贷,1,22560
北京,10万元,12月,9749,1.7,月管理费 2.50%,12,36,随借随还,3,1,信用贷,1,30000
北京,10万元,12月,10813,2.98,月管理费 2.48%,12,36,分期还款,3,2,信用贷,0,29760
北京,10万元,12月,10713,2.86,月管理费 2.38%,12,36,分期还款,3,2,信用贷,0,28560
北京,10万元,12月,10813,2.98,月管理费 2.48%,12,24,分期还款,3,1,信用贷,0,29760
北京,10万元,12月,10223,2.27,月管理费 1.89%,12,36,分期还款,5,3,信用贷,1,22680
北京,10万元,12月,9122,0.95,参考月利率 0.47%,12,36,分期还款,9,7,信用贷,1,2295.9
北京,10万元,12月,8662,0.39,参考月利率 0.60%,12,36,分期还款,3,1,信用贷,0,3146.2
北京,10万元,12月,10133,2.16,月管理费 1.80%,12,36,分期还款,1,1,信用贷,1,21600
北京,10万元,12月,9333,1.2,月管理费 1.00%,12,36,分期还款,3,1,信用贷,1,12000
北京,10万元,12月,10913,3.1,月管理费 2.58%,12,24,分期还款,5,3,信用贷,1,30960
北京,10万元,12月,9913,1.9,月管理费 1.58%,12,48,分期还款,3,1,信用贷,1,18960
北京,10万元,12月,8690,0.43,参考月利率 0.65%,12,120,随借随还,20,10,抵押贷,0,3394.2
北京,10万元,12月,10633,2.76,月管理费 2.30%,12,36,分期还款,5,3,信用贷,1,27600
北京,10万元,12月,8833,0.6,月管理费 0.50%,12,48,分期还款,5,3,信用贷,1,6000
北京,10万元,12月,10223,2.27,月管理费 1.89%,12,48,分期还款,1,1,信用贷,1,22680
北京,10万元,12月,8690,0.43,参考月利率 0.65%,12,60,分期还款,3,2,信用贷,1,3394.2
北京,10万元,12月,9683,1.62,参考月利率 0.60%,12,36,分期还款,7,4,信用贷,1,2668.4
北京,10万元,12月,9113,0.94,月管理费 0.78%,12,48,分期还款,5,3,信用贷,1,9360
北京,10万元,12月,8829,0.59,月管理费 0.90%,12,60,分期还款,3,1,信用贷,0,10800
北京,10万元,12月,9733,1.68,参考月利率 0.60%,12,48,分期还款,0,3,信用贷,1,2645
北京,10万元,12月,10663,2.8,月管理费 2.33%,12,48,分期还款,3,1,信用贷,1,27960
北京,10万元,12月,10193,2.23,月管理费 1.86%,12,36,分期还款,7,3,信用贷,1,22320
北京,10万元,12月,8933,0.72,参考月利率 0.60%,12,48,分期还款,3,1,信用贷,1,3019.4
北京,10万元,12月,8823,0.59,月管理费 0.49%,12,48,分期还款,3,2,信用贷,1,5880
北京,10万元,12月,9433,1.32,参考月利率 0.60%,12,48,分期还款,5,3,信用贷,1,2785.4
北京,10万元,12月,8933,0.72,月管理费 0.60%,12,48,分期还款,7,3,信用贷,0,7200
北京,10万元,12月,10423,2.51,月管理费 2.09%,12,36,分期还款,3,2,信用贷,1,25080
北京,10万元,12月,10633,2.76,月管理费 2.30%,12,36,分期还款,3,2,信用贷,1,27600
北京,10万元,12月,10113,2.14,月管理费 1.78%,12,36,分期还款,3,2,信用贷,1,21360
北京,10万元,12月,10113,2.14,月管理费 1.78%,12,36,分期还款,3,2,信用贷,1,21360
北京,10万元,12月,10223,2.27,月管理费 1.89%,12,36,分期还款,5,3,信用贷,1,22680
北京,10万元,12月,9113,0.94,月管理费 0.78%,12,48,分期还款,1,1,信用贷,1,9360
北京,10万元,12月,10223,2.27,月管理费 1.89%,12,48,分期还款,1,1,信用贷,0,22680
北京,10万元,12月,9783,1.74,参考月利率 0.60%,12,36,分期还款,2,2,信用贷,1,2621.6
北京,10万元,12月,8662,0.39,参考月利率 0.60%,12,120,分期还款,8,5,抵押贷,1,3146.2
北京,10万元,12月,10333,2.4,月管理费 2.00%,12,36,分期还款,3,1,信用贷,1,24000
广州,10万元,12月,8983,0.78,月管理费 0.65%,12,36,分期还款,8,5,信用贷,1,7800
广州,10万元,12月,9083,0.9,月管理费 0.75%,12,36,分期还款,7,5,信用贷,1,9000
广州,10万元,12月,8983,0.78,参考月利率 0.65%,12,36,分期还款,7,5,信用贷,1,3245.6
广州,10万元,12月,10013,2.02,参考月利率 0.66%,12,36,分期还款,3,1,信用贷,1,2765.3
广州,10万元,12月,10113,2.14,月管理费 1.78%,12,36,分期还款,5,1,信用贷,1,21360
广州,10万元,12月,9225,1.07,参考月利率 1.60%,12,36,分期还款,2,2,信用贷,0,7687.2
广州,10万元,12月,9783,1.74,月管理费 1.45%,12,36,分期还款,3,1,信用贷,0,17400
广州,10万元,12月,9783,1.74,月管理费 1.45%,12,36,分期还款,3,1,信用贷,0,17400
广州,10万元,12月,9783,1.74,月管理费 1.45%,12,36,分期还款,3,1,信用贷,0,17400
广州,10万元,12月,10113,2.14,月管理费 1.78%,12,36,分期还款,5,1,信用贷,1,21360
广州,10万元,12月,9833,1.8,月管理费 1.50%,12,36,分期还款,3,1,抵押贷,1,18000
广州,10万元,12月,10433,2.52,月管理费 2.10%,12,36,分期还款,2,1,信用贷,1,25200
广州,10万元,12月,9823,1.79,参考月利率 1.49%,12,36,分期还款,3,2,信用贷,0,6463.7
广州,10万元,12月,10713,2.86,月管理费 2.38%,12,36,分期还款,3,3,信用贷,1,28560
广州,10万元,12月,8833,0.6,参考月利率 0.50%,12,60,分期还款,5,3,信用贷,1,2555.1
广州,10万元,12月,8607,0.33,参考月利率 0.50%,12,36,分期还款,3,3,信用贷,1,2643.3
广州,10万元,12月,9133,0.96,月管理费 0.80%,12,36,分期还款,2,1,信用贷,1,9600
广州,10万元,12月,10633,2.76,月管理费 2.30%,12,36,分期还款,3,1,信用贷,1,27600
广州,10万元,12月,10913,3.1,月管理费 2.58%,12,36,分期还款,5,3,信用贷,1,30960
广州,10万元,12月,10613,2.74,参考月利率 0.82%,12,36,分期还款,3,1,信用贷,1,3051.9
广州,10万元,12月,10613,2.74,参考月利率 0.73%,12,36,分期还款,3,1,信用贷,0,2717
广州,10万元,12月,10333,2.4,月管理费 2.00%,12,36,分期还款,1,1,信用贷,1,24000
广州,10万元,12月,9783,1.74,参考月利率 0.60%,12,36,分期还款,3,3,信用贷,1,2621.6
广州,10万元,12月,9113,0.94,参考月利率 0.78%,12,36,分期还款,3,2,信用贷,1,3815.7
广州,10万元,12月,9033,0.84,参考月利率 0.70%,12,60,分期还款,5,2,信用贷,1,3468
广州,10万元,12月,9133,0.96,参考月利率 0.80%,12,36,分期还款,2,1,信用贷,0,3901
广州,10万元,12月,9133,0.96,参考月利率 0.80%,12,36,分期还款,2,1,信用贷,0,3901
广州,10万元,12月,8662,0.39,参考月利率 0.60%,12,36,分期还款,5,3,自由选,0,3146.2
广州,10万元,12月,11133,3.36,月管理费 2.80%,12,36,分期还款,3,1,信用贷,1,33600
广州,10万元,12月,11133,3.36,月管理费 2.80%,12,36,分期还款,3,1,信用贷,0,33600
广州,10万元,12月,11133,3.36,月管理费 2.80%,12,36,分期还款,3,1,信用贷,0,33600
广州,10万元,12月,10913,3.1,月管理费 2.58%,12,36,分期还款,3,1,信用贷,1,30960
广州,10万元,12月,9213,1.06,参考月利率 0.88%,12,48,分期还款,2,1,信用贷,0,4236.2
广州,10万元,12月,9213,1.06,参考月利率 0.88%,12,48,分期还款,2,1,信用贷,0,4236.2
广州,10万元,12月,8885,0.66,参考月利率 1.00%,12,36,分期还款,1,1,信用贷,1,5069.7
广州,10万元,12月,10833,3,参考月利率 1.00%,12,36,分期还款,3,2,信用贷,1,3550.3
广州,10万元,12月,9673,1.61,月管理费 1.34%,12,24,分期还款,3,2,信用贷,0,16080
广州,10万元,12月,10133,2.16,月管理费 1.80%,12,24,分期还款,3,1,信用贷,0,21600
广州,10万元,12月,10133,2.16,月管理费 1.80%,12,24,分期还款,3,1,信用贷,0,21600
广州,10万元,12月,9303,1.16,月管理费 0.97%,12,48,分期还款,2,1,信用贷,0,11640
广州,10万元,12月,9833,1.8,月管理费 1.50%,12,36,分期还款,3,1,信用贷,1,18000
广州,10万元,12月,8662,0.39,参考月利率 0.60%,12,36,到期还款,7,5,信用贷,1,3146.2
广州,10万元,12月,8662,0.39,参考月利率 0.60%,12,36,分期还款,3,3,抵押贷,1,3146.2
广州,10万元,12月,8933,0.72,月管理费 0.60%,12,36,分期还款,3,2,信用贷,1,7200
广州,10万元,12月,8662,0.79,参考月利率 0.60%,12,36,分期还款,3,1,信用贷,0,3146.2
广州,10万元,12月,10913,3.1,月管理费 2.58%,12,36,分期还款,3,2,信用贷,1,30960
广州,10万元,12月,10213,2.26,月管理费 1.88%,12,48,分期还款,3,1,信用贷,1,22560
广州,10万元,12月,10833,3,月管理费 2.50%,12,36,分期还款,3,1,信用贷,1,30000
广州,10万元,12月,8857,1.13,参考月利率 0.95%,12,36,分期还款,3,2,信用贷,0,4837
广州,10万元,12月,9113,0.94,参考月利率 0.78%,12,36,分期还款,3,2,信用贷,1,3815.7
广州,10万元,12月,8690,0.43,参考月利率 0.65%,12,60,分期还款,5,5,信用贷,1,3394.2
广州,10万元,12月,10713,2.86,参考月利率 0.67%,12,24,分期还款,3,2,信用贷,0,2441.4
广州,10万元,12月,9583,1.5,参考月利率 0.65%,12,24,分期还款,7,5,信用贷,1,2941.4
广州,10万元,12月,10783,2.94,月管理费 2.45%,12,24,分期还款,3,2,信用贷,1,29400
广州,10万元,12月,10213,2.26,月管理费 1.88%,12,36,分期还款,3,2,信用贷,1,22560
广州,10万元,12月,8662,0.39,参考月利率 0.60%,12,36,分期还款,3,2,信用贷,1,3146.2
广州,10万元,12月,9613,1.54,参考月利率 0.43%,12,36,分期还款,3,3,信用贷,1,1935.8
南京,10万元,12月,9633,1.56,参考月利率 0.50%,12,48,分期还款,0,3,信用贷,1,2243.1
南京,10万元,12月,9323,1.19,参考月利率 0.50%,12,48,分期还款,3,2,信用贷,1,2364
南京,10万元,12月,10663,2.8,月管理费 2.33%,12,36,分期还款,2,1,信用贷,1,27960
南京,10万元,12月,9833,1.8,月管理费 1.50%,12,36,分期还款,3,2,信用贷,1,18000
南京,10万元,12月,10913,3.1,月管理费 2.58%,12,24,分期还款,5,3,信用贷,1,30960
南京,10万元,12月,9783,1.74,参考月利率 0.60%,12,36,分期还款,3,2,信用贷,1,2621.6
南京,10万元,12月,10133,2.16,月管理费 1.80%,12,24,分期还款,3,2,信用贷,1,21600
南京,10万元,12月,10333,2.4,月管理费 2.00%,12,36,分期还款,2,1,抵押贷,1,24000
南京,10万元,12月,10133,2.16,月管理费 1.80%,12,36,分期还款,3,2,信用贷,0,21600
南京,10万元,12月,10633,2.76,月管理费 2.30%,12,36,分期还款,1,1,信用贷,1,27600
南京,10万元,12月,10133,2.16,月管理费 1.80%,12,36,分期还款,3,2,信用贷,1,21600
南京,10万元,12月,9113,0.94,月管理费 0.78%,12,36,分期还款,3,1,信用贷,1,9360
南京,10万元,12月,9225,1.07,月管理费 1.60%,12,36,到期还款,3,2,抵押贷,1,19200
南京,10万元,12月,10213,2.26,月管理费 1.88%,12,24,分期还款,3,1,信用贷,0,22560
南京,10万元,12月,10913,3.1,月管理费 2.58%,12,24,分期还款,3,1,信用贷,0,30960
南京,10万元,12月,10633,2.76,月管理费 2.30%,12,24,分期还款,3,1,信用贷,1,27600
南京,10万元,12月,10433,2.52,月管理费 2.10%,12,36,分期还款,2,1,信用贷,1,25200
南京,10万元,12月,10633,2.76,月管理费 2.30%,12,36,分期还款,3,2,信用贷,0,27600
南京,10万元,12月,10433,2.52,月管理费 2.10%,12,36,分期还款,2,1,信用贷,0,25200
南京,10万元,12月,9823,1.79,参考月利率 0.74%,12,36,分期还款,4,3,信用贷,1,3210.2
南京,10万元,12月,10333,2.4,月管理费 2.00%,12,36,分期还款,3,3,信用贷,1,24000
南京,10万元,12月,8607,0.33,参考月利率 0.50%,12,60,分期还款,7,7,信用贷,1,2643.3
南京,10万元,12月,9423,1.31,参考月利率 0.50%,12,48,分期还款,3,2,信用贷,1,2325
南京,10万元,12月,10433,2.52,月管理费 2.10%,12,36,分期还款,3,3,信用贷,1,25200
南京,10万元,12月,9533,1.44,月管理费 1.20%,12,36,分期还款,3,2,抵押贷,1,14400
南京,10万元,12月,10913,3.1,月管理费 2.58%,12,36,分期还款,5,3,信用贷,1,30960
南京,10万元,12月,10333,2.4,月管理费 2.00%,12,48,分期还款,1,1,信用贷,1,24000
南京,10万元,12月,10333,2.4,月管理费 2.00%,12,36,分期还款,5,3,信用贷,1,24000
南京,10万元,12月,8701,0.44,参考月利率 0.67%,12,36,分期还款,2,1,信用贷,1,3492.9
南京,10万元,12月,8868,0.64,参考月利率 0.97%,12,36,分期还款,2,1,信用贷,0,4930.5
南京,10万元,12月,10133,2.16,月管理费 1.80%,12,36,分期还款,3,1,信用贷,1,21600
南京,10万元,12月,9133,0.96,月管理费 0.80%,12,36,分期还款,10,3,信用贷,1,9600
南京,10万元,12月,10663,2.8,月管理费 2.33%,12,36,分期还款,1,1,信用贷,1,27960
南京,10万元,12月,9333,1.2,参考月利率 0.50%,12,36,分期还款,5,3,信用贷,1,2360.1
南京,10万元,12月,10333,2.4,月管理费 2.00%,12,36,分期还款,3,1,信用贷,1,24000
南京,10万元,12月,9133,0.96,月管理费 0.80%,12,36,分期还款,10,3,信用贷,1,9600
南京,10万元,12月,10333,2.4,月管理费 2.00%,12,48,分期还款,2,1,信用贷,0,24000
南京,10万元,12月,10223,2.27,月管理费 1.89%,12,48,分期还款,3,2,信用贷,0,22680
南京,10万元,12月,10713,2.86,月管理费 2.38%,12,36,分期还款,3,1,信用贷,0,28560
南京,10万元,12月,10713,2.86,月管理费 2.38%,12,36,分期还款,3,2,信用贷,0,28560
南京,10万元,12月,10713,2.86,月管理费 2.38%,12,36,分期还款,3,1,信用贷,0,28560
南京,10万元,12月,10013,2.02,月管理费 1.68%,12,36,分期还款,3,1,信用贷,0,20160
南京,10万元,12月,10803,2.96,月管理费 2.47%,12,24,分期还款,2,2,抵押贷,0,29640
南京,10万元,12月,10333,2.4,月管理费 2.00%,12,36,分期还款,3,3,信用贷,1,24000
南京,10万元,12月,10633,2.76,月管理费 2.30%,12,36,分期还款,3,2,信用贷,1,27600
南京,10万元,12月,10913,3.1,月管理费 2.58%,12,36,分期还款,3,3,信用贷,1,30960
南京,10万元,12月,9514,1.42,月管理费 2.10%,12,36,到期还款,3,2,信用贷,1,25200
南京,10万元,12月,9633,1.56,月管理费 1.30%,12,36,分期还款,1,1,信用贷,1,15600
南京,10万元,12月,9333,1.2,参考月利率 0.50%,12,36,分期还款,5,3,信用贷,1,2360.1
南京,10万元,12月,9833,1.8,月管理费 1.50%,12,36,分期还款,1,1,信用贷,0,18000
南京,10万元,12月,10633,2.76,月管理费 2.30%,12,36,分期还款,1,1,信用贷,0,27600
南京,10万元,12月,10333,2.4,月管理费 2.00%,12,36,分期还款,3,3,信用贷,0,24000
南京,10万元,12月,10433,2.52,月管理费 2.10%,12,36,分期还款,3,3,信用贷,1,25200
南京,10万元,12月,10213,2.26,月管理费 1.88%,12,24,分期还款,1,1,信用贷,0,22560
南京,10万元,12月,10713,2.86,月管理费 2.38%,12,36,分期还款,3,1,信用贷,0,28560
南京,10万元,12月,9913,1.9,月管理费 1.58%,12,36,分期还款,3,1,信用贷,0,18960
南京,10万元,12月,8833,0.6,月管理费 0.50%,12,60,分期还款,10,7,信用贷,0,6000
南京,10万元,12月,10083,2.1,参考月利率 1.50%,12,24,分期还款,3,1,信用贷,0,6202.9
南京,10万元,12月,10083,2.1,参考月利率 1.50%,12,24,分期还款,3,1,信用贷,0,6202.9
南京,10万元,12月,9913,1.9,月管理费 1.58%,12,36,分期还款,3,1,信用贷,0,18960
南京,10万元,12月,10633,2.76,月管理费 2.30%,12,24,分期还款,3,2,信用贷,0,27600
南京,10万元,12月,9983,1.98,月管理费 1.65%,12,48,分期还款,3,3,信用贷,1,19800
南京,10万元,12月,9583,1.5,月管理费 1.25%,12,36,分期还款,2,1,信用贷,1,15000
南京,10万元,12月,10113,2.14,月管理费 1.78%,12,36,分期还款,5,3,信用贷,1,21360
南京,10万元,12月,10213,2.26,月管理费 1.88%,12,36,分期还款,3,2,信用贷,1,22560
南京,10万元,12月,10133,2.16,月管理费 1.80%,12,36,分期还款,3,2,信用贷,1,21600
南京,10万元,12月,10663,2.8,月管理费 2.33%,12,24,分期还款,3,2,信用贷,1,27960
南京,10万元,12月,10333,2.4,参考月利率 0.50%,12,36,分期还款,3,2,信用贷,1,1970.1
上海,10万元,12月,10913,3.1,月管理费 2.58%,12,24,分期还款,2,1,信用贷,1,30960
上海,10万元,12月,9283,1.14,参考月利率 0.70%,12,120,到期还款,30,15,抵押贷,1,3331.5
上海,10万元,12月,10333,2.4,月管理费 2.00%,12,48,分期还款,2,1,信用贷,1,24000
上海,10万元,12月,8933,0.72,参考月利率 0.60%,12,36,分期还款,14,7,信用贷,1,3019.4
上海,10万元,12月,10033,2.04,月管理费 1.70%,12,36,分期还款,2,1,信用贷,1,20400
上海,10万元,12月,10333,2.4,月管理费 2.00%,12,48,分期还款,2,1,信用贷,1,24000
上海,10万元,12月,10333,2.4,月管理费 2.00%,12,48,分期还款,2,1,信用贷,1,24000
上海,10万元,12月,10033,2.04,月管理费 1.70%,12,48,分期还款,2,1,信用贷,1,20400
上海,10万元,12月,8833,0.6,参考月利率 0.50%,12,36,分期还款,3,1,信用贷,0,2555.1
上海,10万元,12月,9833,1.8,月管理费 1.50%,12,36,分期还款,5,3,信用贷,1,18000
上海,10万元,12月,10633,2.76,月管理费 2.30%,12,36,分期还款,2,1,信用贷,1,27600
上海,10万元,12月,10633,2.76,月管理费 2.30%,12,36,分期还款,3,2,自由选,1,27600
上海,10万元,12月,8703,0.44,参考月利率 0.37%,12,36,分期还款,2,1,信用贷,1,1928.3
上海,10万元,12月,8933,0.72,参考月利率 0.60%,12,36,分期还款,3,2,信用贷,1,3019.4
上海,10万元,12月,8535,0.24,参考月利率 0.37%,12,360,分期还款,15,10,抵押贷,0,1976.8
上海,10万元,12月,8590,0.31,参考月利率 0.47%,12,120,到期还款,15,14,自由选,0,2490.9
上海,10万元,12月,10633,2.76,月管理费 2.30%,12,36,分期还款,3,2,信用贷,1,27600
上海,10万元,12月,8933,0.72,参考月利率 0.60%,12,36,分期还款,2,1,信用贷,0,3019.4
上海,10万元,12月,8933,0.72,参考月利率 0.60%,12,36,分期还款,12,10,抵押贷,0,3019.4
上海,10万元,12月,10813,2.98,月管理费 2.48%,12,36,分期还款,3,2,信用贷,0,29760
上海,10万元,12月,10113,2.14,月管理费 1.78%,12,36,分期还款,3,2,信用贷,1,21360
上海,10万元,12月,9333,1.2,月管理费 1.00%,12,36,分期还款,3,1,信用贷,1,12000
上海,10万元,12月,9333,1.2,月管理费 1.00%,12,36,分期还款,3,1,信用贷,0,12000
上海,10万元,12月,10713,2.86,月管理费 2.38%,12,36,分期还款,3,2,信用贷,0,28560
上海,10万元,12月,10783,2.94,月管理费 2.45%,12,36,分期还款,3,1,信用贷,0,29400
上海,10万元,12月,8983,0.78,月管理费 0.65%,12,36,分期还款,2,1,信用贷,0,7800
上海,10万元,12月,10803,2.96,月管理费 2.47%,12,18,分期还款,1,1,信用贷,0,29640
上海,10万元,12月,10803,2.96,月管理费 2.47%,12,18,分期还款,1,1,信用贷,0,29640
上海,10万元,12月,12333,4.8,月管理费 4.00%,12,18,分期还款,1,1,抵押贷,0,48000
上海,10万元,12月,10333,2.4,月管理费 2.00%,12,36,分期还款,2,1,信用贷,1,24000
上海,10万元,12月,8983,0.78,参考月利率 0.65%,12,120,分期还款,3,2,抵押贷,1,3245.6
上海,10万元,12月,10333,2.4,月管理费 2.00%,12,36,分期还款,2,1,信用贷,1,24000
上海,10万元,12月,9333,1.2,参考月利率 1.00%,12,36,分期还款,2,1,信用贷,0,4720.3
上海,10万元,12月,10813,2.98,月管理费 2.48%,12,36,分期还款,3,2,信用贷,0,29760
上海,10万元,12月,9225,1.07,参考月利率 1.60%,12,24,分期还款,7,5,抵押贷,0,7687.2
上海,10万元,12月,8829,1.09,参考月利率 0.70%,12,36,分期还款,14,7,信用贷,0,3579.4
上海,10万元,12月,9713,1.66,参考月利率 0.60%,12,36,分期还款,5,3,信用贷,0,2654.3
上海,10万元,12月,10433,2.52,参考月利率 0.60%,12,60,分期还款,7,3,信用贷,0,2317.4
上海,10万元,12月,8885,1.16,参考月利率 1.00%,12,36,分期还款,3,2,信用贷,0,5069.7
上海,10万元,12月,10513,2.62,参考月利率 1.28%,12,36,分期还款,1,1,信用贷,1,4863.8
上海,10万元,12月,10723,2.87,月管理费 2.39%,12,24,分期还款,3,2,信用贷,1,28680
上海,10万元,12月,9054,0.87,参考月利率 1.30%,12,36,分期还款,2,2,信用贷,1,6419.2
上海,10万元,12月,10013,2.02,月管理费 1.68%,12,48,分期还款,2,2,信用贷,1,20160
上海,10万元,12月,9833,1.8,月管理费 1.50%,12,36,分期还款,5,1,信用贷,1,18000
上海,10万元,12月,10913,3.1,月管理费 2.58%,12,36,分期还款,3,3,信用贷,1,30960
上海,10万元,12月,9303,1.16,月管理费 0.97%,12,18,分期还款,5,3,信用贷,1,11640
上海,10万元,12月,9783,1.74,月管理费 1.45%,12,48,分期还款,2,2,信用贷,1,17400
上海,10万元,12月,9783,1.74,参考月利率 0.60%,12,36,分期还款,3,2,信用贷,1,2621.6
上海,10万元,12月,9054,0.87,参考月利率 1.30%,12,36,分期还款,2,1,信用贷,1,6419.2
上海,10万元,12月,9633,1.56,参考月利率 0.50%,12,48,分期还款,3,2,信用贷,1,2243.1
上海,10万元,12月,10433,2.52,月管理费 2.10%,12,36,分期还款,2,1,信用贷,1,25200
上海,10万元,12月,9373,1.25,参考月利率 0.55%,12,48,分期还款,3,2,信用贷,1,2579
上海,10万元,12月,8612,0.33,参考月利率 0.51%,12,60,分期还款,3,2,信用贷,1,2694.1
上海,10万元,12月,8833,0.6,参考月利率 0.50%,12,36,分期还款,2,1,信用贷,1,2555.1
上海,10万元,12月,10533,2.64,月管理费 2.20%,12,36,分期还款,3,1,信用贷,1,26400
上海,10万元,12月,10663,2.8,月管理费 2.33%,12,48,分期还款,2,2,信用贷,1,27960
上海,10万元,12月,9633,1.56,参考月利率 1.30%,12,48,分期还款,4,3,信用贷,1,5832.1
上海,10万元,12月,9633,1.56,月管理费 1.30%,12,36,分期还款,2,1,信用贷,1,15600
上海,10万元,12月,10633,2.76,月管理费 2.30%,12,36,分期还款,3,3,信用贷,1,27600
上海,10万元,12月,10513,2.62,参考月利率 1.28%,12,36,分期还款,1,1,信用贷,1,4863.8
上海,10万元,12月,8607,0.33,参考月利率 0.50%,12,36,分期还款,2,1,信用贷,1,2643.3
上海,10万元,12月,10663,2.8,月管理费 2.33%,12,36,分期还款,3,2,信用贷,1,27960
上海,10万元,12月,10633,2.76,月管理费 2.30%,12,24,分期还款,3,2,信用贷,1,27600
上海,10万元,12月,9833,1.8,月管理费 1.50%,12,36,分期还款,7,3,信用贷,1,18000
上海,10万元,12月,10113,2.14,月管理费 1.78%,12,36,分期还款,3,2,信用贷,1,21360
上海,10万元,12月,10333,2.4,月管理费 2.00%,12,36,分期还款,3,2,信用贷,1,24000
上海,10万元,12月,9113,0.94,月管理费 0.78%,12,48,分期还款,3,2,信用贷,1,9360
上海,10万元,12月,10348,2.42,月管理费 3.50%,12,24,分期还款,1,1,抵押贷,1,42000
上海,10万元,12月,9113,0.94,月管理费 0.78%,12,36,分期还款,2,2,信用贷,1,9360
上海,10万元,12月,9733,1.68,参考月利率 0.60%,12,48,分期还款,0,3,信用贷,1,2645
上海,10万元,12月,10333,2.4,月管理费 2.00%,12,36,分期还款,3,2,信用贷,1,24000
上海,10万元,12月,10433,2.52,月管理费 2.10%,12,36,分期还款,2,1,信用贷,0,25200
上海,10万元,12月,9793,1.75,参考月利率 0.50%,12,36,分期还款,3,2,信用贷,1,2180.7
上海,10万元,12月,9073,0.89,参考月利率 0.74%,12,48,分期还款,3,2,信用贷,0,3643.1
上海,10万元,12月,8513,0.22,参考月利率 0.33%,12,36,分期还款,5,3,抵押贷,1,1768.8
上海,10万元,12月,8690,0.43,参考月利率 0.65%,12,36,分期还款,5,5,信用贷,1,3394.2
上海,10万元,12月,9783,1.74,月管理费 1.45%,12,48,分期还款,2,2,信用贷,1,17400
西安,10万元,12月,9633,1.56,参考月利率 1.30%,12,36,分期还款,2,2,信用贷,1,5832.1
西安,10万元,12月,10133,2.16,月管理费 1.80%,12,36,分期还款,3,2,信用贷,1,21600
西安,10万元,12月,9113,0.94,参考月利率 0.78%,12,48,分期还款,1,1,信用贷,0,3815.7
西安,10万元,12月,10913,3.1,月管理费 2.58%,12,24,分期还款,3,2,信用贷,1,30960
西安,10万元,12月,10333,2.4,月管理费 2.00%,12,36,分期还款,3,2,信用贷,0,24000
西安,10万元,12月,8885,1.36,参考月利率 1.00%,12,36,分期还款,3,2,信用贷,1,5069.7
西安,10万元,12月,10633,2.76,月管理费 2.30%,12,24,分期还款,3,3,信用贷,1,27600
西安,10万元,12月,10033,2.04,月管理费 1.70%,12,36,分期还款,2,2,信用贷,1,20400
西安,10万元,12月,11113,3.34,月管理费 2.78%,12,24,分期还款,3,2,信用贷,1,33360
西安,10万元,12月,10613,2.74,月管理费 2.28%,12,36,分期还款,2,1,信用贷,0,27360
西安,10万元,12月,10733,2.88,参考月利率 0.80%,12,36,分期还款,2,2,信用贷,1,2902.6
西安,10万元,12月,10433,2.52,月管理费 2.10%,12,36,分期还款,3,1,信用贷,1,25200
西安,10万元,12月,10713,2.86,月管理费 2.38%,12,24,分期还款,5,1,信用贷,0,28560
西安,10万元,12月,10833,3,月管理费 2.50%,12,36,分期还款,3,1,信用贷,1,30000
西安,10万元,12月,10833,3,月管理费 2.50%,12,36,分期还款,3,1,信用贷,1,30000
西安,10万元,12月,10663,2.8,月管理费 2.33%,12,36,分期还款,5,3,信用贷,1,27960
西安,10万元,12月,10213,2.26,月管理费 1.88%,12,36,分期还款,3,3,信用贷,1,22560
西安,10万元,12月,9333,1.2,月管理费 1.00%,12,36,分期还款,3,1,信用贷,1,12000
西安,10万元,12月,9173,1.01,参考月利率 0.84%,12,36,分期还款,5,3,抵押贷,1,4069.9
西安,10万元,12月,9633,1.56,参考月利率 1.30%,12,36,分期还款,2,1,信用贷,1,5832.1
西安,10万元,12月,10533,2.64,月管理费 2.20%,12,36,分期还款,3,1,信用贷,1,26400
西安,10万元,12月,10733,2.88,参考月利率 1.10%,12,36,分期还款,3,1,信用贷,0,3991.1
西安,10万元,12月,9333,1.2,月管理费 1.00%,12,36,分期还款,3,1,信用贷,1,12000
西安,10万元,12月,10733,2.88,月管理费 2.40%,12,24,分期还款,3,1,信用贷,1,28800
西安,10万元,12月,10733,2.88,参考月利率 0.80%,12,36,分期还款,2,2,信用贷,1,2902.6
西安,10万元,12月,9333,1.2,月管理费 1.00%,12,36,分期还款,3,1,信用贷,1,12000
西安,10万元,12月,9113,0.94,月管理费 0.78%,12,36,分期还款,3,1,信用贷,0,9360
西安,10万元,12月,9173,1.01,月管理费 0.84%,12,36,分期还款,3,1,信用贷,0,10080
西安,10万元,12月,9333,1.2,月管理费 1.00%,12,36,分期还款,3,2,信用贷,0,12000
西安,10万元,12月,9333,1.2,月管理费 1.00%,12,36,分期还款,3,1,信用贷,0,12000
西安,10万元,12月,10713,2.86,月管理费 2.38%,12,36,分期还款,3,2,信用贷,1,28560
西安,10万元,12月,9283,1.14,参考月利率 0.95%,12,36,分期还款,3,1,信用贷,1,4521.3
西安,10万元,12月,10713,2.86,月管理费 2.38%,12,36,分期还款,2,1,信用贷,0,28560
西安,10万元,12月,8795,0.55,参考月利率 0.84%,12,36,分期还款,3,1,抵押贷,0,4317.5
西安,10万元,12月,9784,1.74,月管理费 2.56%,12,36,随借随还,2,1,信用贷,0,30720
西安,10万元,12月,8773,0.83,参考月利率 0.80%,12,120,分期还款,7,5,抵押贷,0,4125.6
西安,10万元,12月,11403,3.68,参考月利率 0.07%,12,36,分期还款,15,8,自由选,0,217.4
西安,10万元,12月,9783,1.74,参考月利率 0.60%,12,36,分期还款,5,3,信用贷,1,2621.6
西安,10万元,12月,10633,2.76,月管理费 2.30%,12,36,分期还款,3,3,信用贷,1,27600
西安,10万元,12月,8695,0.93,参考月利率 0.66%,12,120,分期还款,15,5,抵押贷,1,3443.8
西安,10万元,12月,8993,0.79,参考月利率 0.66%,12,120,分期还款,15,7,抵押贷,0,3290.4
西安,10万元,12月,9393,1.27,参考月利率 1.06%,12,36,分期还款,3,2,信用贷,1,4953.9
西安,10万元,12月,10013,2.02,月管理费 1.68%,12,48,分期还款,5,3,信用贷,1,20160
西安,10万元,12月,10133,2.16,参考月利率 0.80%,12,36,分期还款,2,2,信用贷,1,3277
西安,10万元,12月,10113,2.14,月管理费 1.78%,12,36,分期还款,3,2,信用贷,1,21360
西安,10万元,12月,10713,2.86,月管理费 2.38%,12,36,分期还款,3,1,信用贷,0,28560
西安,10万元,12月,10723,2.87,月管理费 2.39%,12,24,分期还款,3,2,信用贷,0,28680
西安,10万元,12月,10663,2.8,月管理费 2.33%,12,48,分期还款,2,2,信用贷,1,27960
重庆,10万元,12月,8983,0.78,参考月利率 0.65%,12,48,分期还款,5,3,信用贷,1,3245.6
重庆,10万元,12月,10033,2.04,月管理费 1.70%,12,48,分期还款,2,2,信用贷,1,20400
重庆,10万元,12月,10333,2.4,月管理费 2.00%,12,36,分期还款,1,1,信用贷,1,24000
重庆,10万元,12月,9833,1.8,参考月利率 0.65%,12,36,分期还款,3,2,信用贷,1,2814.7
重庆,10万元,12月,9183,1.02,参考月利率 0.85%,12,36,分期还款,3,2,抵押贷,0,4111.7
重庆,10万元,12月,10663,2.8,月管理费 2.33%,12,36,分期还款,3,2,信用贷,1,27960
重庆,10万元,12月,10713,2.86,月管理费 2.38%,12,36,分期还款,3,1,信用贷,1,28560
重庆,10万元,12月,10813,2.98,月管理费 2.48%,12,36,分期还款,3,1,信用贷,1,29760
重庆,10万元,12月,10633,2.76,月管理费 2.30%,12,48,分期还款,2,1,信用贷,1,27600
重庆,10万元,12月,9733,1.68,月管理费 1.40%,12,48,分期还款,2,1,信用贷,1,16800
重庆,10万元,12月,10133,2.16,月管理费 1.80%,12,36,分期还款,5,3,信用贷,1,21600
重庆,10万元,12月,10333,2.4,参考月利率 1.00%,12,36,分期还款,3,1,信用贷,1,3940.3
重庆,10万元,12月,10713,2.86,参考月利率 1.38%,12,36,分期还款,3,1,信用贷,1,5028.5
重庆,10万元,12月,10713,2.86,月管理费 2.38%,12,36,分期还款,2,1,信用贷,0,28560
重庆,10万元,12月,10713,2.86,月管理费 2.38%,12,36,分期还款,3,1,信用贷,0,28560
重庆,10万元,12月,9933,1.92,月管理费 1.60%,12,36,分期还款,3,1,信用贷,1,19200
重庆,10万元,12月,10633,2.76,月管理费 2.30%,12,36,分期还款,5,3,信用贷,0,27600
重庆,10万元,12月,10613,2.74,月管理费 2.28%,12,36,分期还款,3,1,信用贷,1,27360
重庆,10万元,12月,10023,2.03,月管理费 1.69%,12,48,分期还款,2,1,信用贷,1,20280
重庆,10万元,12月,10783,2.94,月管理费 2.45%,12,24,分期还款,5,3,信用贷,1,29400
重庆,10万元,12月,10433,2.52,月管理费 2.10%,12,48,分期还款,2,1,信用贷,1,25200
重庆,10万元,12月,10223,2.27,月管理费 1.89%,12,36,分期还款,2,1,信用贷,1,22680
重庆,10万元,12月,8524,0.63,参考月利率 0.35%,12,36,分期还款,3,2,信用贷,0,1872.9
重庆,10万元,12月,8998,1.1,参考月利率 1.20%,12,36,分期还款,3,2,信用贷,0,5977.9
重庆,10万元,12月,10633,2.76,月管理费 2.30%,12,36,分期还款,3,2,信用贷,0,27600
重庆,10万元,12月,10513,2.62,月管理费 2.18%,12,36,分期还款,3,1,信用贷,0,26160
重庆,10万元,12月,10213,2.26,月管理费 1.88%,12,36,分期还款,3,1,信用贷,0,22560
重庆,10万元,12月,9933,1.92,月管理费 1.60%,12,48,分期还款,2,1,信用贷,0,19200
重庆,10万元,12月,10893,3.07,月管理费 2.56%,12,36,分期还款,3,1,信用贷,1,30720
重庆,10万元,12月,9413,1.3,月管理费 1.08%,12,36,分期还款,2,2,抵押贷,1,12960
重庆,10万元,12月,10783,2.94,月管理费 2.45%,12,24,分期还款,5,3,信用贷,0,29400
重庆,10万元,12月,10133,2.16,月管理费 1.80%,12,24,分期还款,3,2,信用贷,0,21600
重庆,10万元,12月,8983,0.78,参考月利率 0.65%,12,36,分期还款,3,2,信用贷,0,3245.6
重庆,10万元,12月,10333,2.4,月管理费 2.00%,12,24,分期还款,1,1,信用贷,0,24000
重庆,10万元,12月,9333,1.2,参考月利率 1.00%,12,36,分期还款,3,2,信用贷,0,4720.3
重庆,10万元,12月,10093,2.11,月管理费 1.76%,12,24,分期还款,3,1,信用贷,0,21120
重庆,10万元,12月,10693,2.83,月管理费 2.36%,12,24,分期还款,3,1,信用贷,0,28320
重庆,10万元,12月,10333,2.4,月管理费 2.00%,12,36,分期还款,3,2,信用贷,1,24000
重庆,10万元,12月,10633,2.76,月管理费 2.30%,12,36,分期还款,3,1,信用贷,1,27600
重庆,10万元,12月,10783,2.94,月管理费 2.45%,12,24,分期还款,5,3,信用贷,0,29400
重庆,10万元,12月,10633,2.76,月管理费 2.30%,12,36,分期还款,5,3,信用贷,1,27600
重庆,10万元,12月,10133,2.16,月管理费 1.80%,12,36,分期还款,5,3,信用贷,0,21600
杭州,10万元,12月,9633,1.56,参考月利率 0.50%,12,48,分期还款,0,3,信用贷,1,2243.1
杭州,10万元,12月,9783,1.74,月管理费 1.45%,12,48,分期还款,4,3,信用贷,1,17400
杭州,10万元,12月,9323,1.19,参考月利率 0.50%,12,48,分期还款,3,2,信用贷,1,2364
杭州,10万元,12月,10113,2.14,月管理费 1.78%,12,36,分期还款,3,2,信用贷,1,21360
杭州,10万元,12月,10333,2.4,月管理费 2.00%,12,36,分期还款,7,3,信用贷,1,24000
杭州,10万元,12月,10983,3.18,月管理费 2.65%,12,60,分期还款,5,3,信用贷,0,31800
杭州,10万元,12月,10663,2.8,月管理费 2.33%,12,48,分期还款,3,2,信用贷,1,27960
杭州,10万元,12月,9113,0.94,月管理费 0.78%,12,36,分期还款,5,3,信用贷,1,9360
杭州,10万元,12月,10913,3.1,月管理费 2.58%,12,36,分期还款,3,2,信用贷,1,30960
杭州,10万元,12月,10633,2.76,月管理费 2.30%,12,24,分期还款,3,1,信用贷,1,27600
杭州,10万元,12月,10333,2.4,月管理费 2.00%,12,36,分期还款,2,1,信用贷,1,24000
杭州,10万元,12月,10633,2.76,月管理费 2.30%,12,36,分期还款,3,2,信用贷,1,27600
杭州,10万元,12月,9953,1.94,参考月利率 0.77%,12,36,分期还款,3,2,信用贷,1,3262.2
杭州,10万元,12月,9113,0.94,月管理费 0.78%,12,36,分期还款,5,3,信用贷,1,9360
杭州,10万元,12月,10833,3,月管理费 2.50%,12,36,分期还款,3,1,信用贷,1,30000
杭州,10万元,12月,9783,1.74,月管理费 1.45%,12,48,分期还款,4,3,信用贷,1,17400
杭州,10万元,12月,10323,2.39,月管理费 1.99%,12,36,分期还款,3,1,信用贷,1,23880
杭州,10万元,12月,10783,2.94,月管理费 2.45%,12,36,分期还款,2,1,信用贷,1,29400
杭州,10万元,12月,10713,2.86,月管理费 2.38%,12,36,分期还款,3,1,信用贷,1,28560
杭州,10万元,12月,9633,1.56,参考月利率 0.50%,12,48,分期还款,0,3,信用贷,1,2243.1
杭州,10万元,12月,9533,1.44,参考月利率 1.20%,12,36,分期还款,2,1,抵押贷,0,5477.1
杭州,10万元,12月,10333,2.4,月管理费 2.00%,12,36,分期还款,5,3,信用贷,1,24000
杭州,10万元,12月,10783,2.94,月管理费 2.45%,12,36,分期还款,3,1,信用贷,1,29400
杭州,10万元,12月,9333,1.2,月管理费 1.00%,12,36,分期还款,3,1,信用贷,0,12000
杭州,10万元,12月,10253,2.3,月管理费 1.92%,12,36,分期还款,3,1,信用贷,0,23040
杭州,10万元,12月,8717,0.46,参考月利率 0.70%,12,36,到期还款,7,3,担保贷,0,3640.5
杭州,10万元,12月,8717,0.46,参考月利率 0.70%,12,36,到期还款,7,3,信用贷,0,3640.5
杭州,10万元,12月,10433,2.52,月管理费 2.10%,12,36,分期还款,3,1,信用贷,0,25200
杭州,10万元,12月,9633,1.56,月管理费 1.30%,12,36,分期还款,2,1,抵押贷,0,15600
杭州,10万元,12月,10433,2.52,月管理费 2.10%,12,36,分期还款,3,1,信用贷,1,25200
济南,10万元,12月,10348,2.42,月管理费 3.50%,12,24,到期还款,1,1,抵押贷,1,42000
济南,10万元,12月,9733,1.68,月管理费 1.40%,12,36,分期还款,5,2,信用贷,1,16800
济南,10万元,12月,10663,2.8,月管理费 2.33%,12,48,分期还款,3,3,信用贷,1,27960
济南,10万元,12月,10633,2.76,月管理费 2.30%,12,36,分期还款,2,1,信用贷,1,27600
济南,10万元,12月,9953,1.94,参考月利率 0.77%,12,36,分期还款,2,1,信用贷,1,3262.2
济南,10万元,12月,10723,2.87,月管理费 2.39%,12,24,分期还款,3,2,信用贷,1,28680
济南,10万元,12月,10433,2.52,月管理费 2.10%,12,36,分期还款,3,2,信用贷,1,25200
济南,10万元,12月,10433,2.52,月管理费 2.10%,12,36,分期还款,2,1,信用贷,1,25200
济南,10万元,12月,9783,1.74,参考月利率 0.60%,12,36,分期还款,3,2,信用贷,1,2621.6
济南,10万元,12月,10913,3.1,月管理费 2.58%,12,36,分期还款,5,3,信用贷,1,30960
济南,10万元,12月,11113,3.34,月管理费 2.78%,12,36,分期还款,5,3,信用贷,1,33360
济南,10万元,12月,10833,3,月管理费 2.50%,12,36,分期还款,2,1,信用贷,1,30000
济南,10万元,12月,10533,2.64,参考月利率 1.10%,12,36,分期还款,3,1,信用贷,1,4162.7
济南,10万元,12月,10633,2.76,月管理费 2.30%,12,36,分期还款,2,1,信用贷,1,27600
济南,10万元,12月,10433,2.52,月管理费 2.10%,12,36,分期还款,2,1,信用贷,0,25200
济南,10万元,12月,10733,2.88,参考月利率 1.10%,12,36,分期还款,3,1,信用贷,0,3991.1
济南,10万元,12月,10133,2.16,月管理费 1.80%,12,48,分期还款,3,2,信用贷,1,21600
济南,10万元,12月,10613,2.74,月管理费 2.28%,12,24,分期还款,3,2,信用贷,1,27360
济南,10万元,12月,10713,2.86,月管理费 2.38%,12,24,分期还款,3,2,信用贷,1,28560
济南,10万元,12月,10233,2.28,月管理费 1.90%,12,24,分期还款,2,1,信用贷,0,22800
济南,10万元,12月,8662,0.69,参考月利率 0.60%,12,120,到期还款,8,3,抵押贷,1,3146.2
济南,10万元,12月,10223,2.27,月管理费 1.89%,12,36,分期还款,3,2,信用贷,1,22680
济南,10万元,12月,10713,2.86,月管理费 2.38%,12,36,分期还款,3,1,信用贷,1,28560
济南,10万元,12月,10713,2.86,月管理费 2.38%,12,48,分期还款,3,1,信用贷,1,28560
济南,10万元,12月,8662,0.39,参考月利率 0.60%,12,36,分期还款,3,1,自由选,1,3146.2
济南,10万元,12月,10213,2.26,月管理费 1.88%,12,48,分期还款,3,1,信用贷,0,22560
济南,10万元,12月,10333,2.4,月管理费 2.00%,12,24,分期还款,3,2,信用贷,0,24000
济南,10万元,12月,10633,2.76,月管理费 2.30%,12,24,分期还款,2,1,信用贷,1,27600
济南,10万元,12月,10633,2.76,月管理费 2.30%,12,36,分期还款,3,1,信用贷,1,27600
济南,10万元,12月,9784,1.74,月管理费 2.56%,12,36,分期还款,3,2,信用贷,0,30720
济南,10万元,12月,10713,2.86,月管理费 2.38%,12,36,分期还款,3,1,信用贷,0,28560
济南,10万元,12月,10333,2.4,月管理费 2.00%,12,36,分期还款,3,3,信用贷,1,24000
济南,10万元,12月,10753,2.9,月管理费 2.42%,12,36,分期还款,3,1,信用贷,0,29040
济南,10万元,12月,8662,0.39,参考月利率 0.60%,12,120,到期还款,8,5,抵押贷,0,3146.2
济南,10万元,12月,8662,0.39,参考月利率 0.60%,12,120,到期还款,8,5,抵押贷,0,3146.2
济南,10万元,12月,8574,0.29,参考月利率 0.44%,12,120,到期还款,8,5,抵押贷,0,2337.4
济南,10万元,12月,10223,2.27,月管理费 1.89%,12,36,分期还款,2,2,信用贷,1,22680
济南,10万元,12月,10113,2.14,月管理费 1.78%,12,36,分期还款,5,3,信用贷,1,21360
济南,10万元,12月,10233,2.28,参考月利率 0.70%,12,36,分期还款,5,3,信用贷,0,2812.8
青岛,10万元,12月,10113,2.14,月管理费 1.78%,12,36,分期还款,3,1,信用贷,1,21360
青岛,10万元,12月,10783,2.94,月管理费 2.45%,12,36,分期还款,3,1,信用贷,0,29400
青岛,10万元,12月,10633,2.76,月管理费 2.30%,12,36,分期还款,3,2,信用贷,1,27600
青岛,10万元,12月,10613,2.74,月管理费 2.28%,12,36,分期还款,3,1,信用贷,1,27360
青岛,10万元,12月,9683,1.62,参考月利率 0.60%,12,36,分期还款,4,3,信用贷,1,2668.4
青岛,10万元,12月,10333,2.4,月管理费 2.00%,12,48,分期还款,3,1,信用贷,1,24000
青岛,10万元,12月,10613,2.74,月管理费 2.28%,12,36,分期还款,3,1,信用贷,1,27360
青岛,10万元,12月,9619,1.54,月管理费 2.28%,12,36,分期还款,3,1,信用贷,0,27360
青岛,10万元,12月,10713,2.86,月管理费 2.38%,12,36,分期还款,3,2,信用贷,1,28560
青岛,10万元,12月,10813,2.98,月管理费 2.48%,12,36,分期还款,3,2,信用贷,0,29760
青岛,10万元,12月,10633,2.76,月管理费 2.30%,12,36,分期还款,3,2,信用贷,1,27600
青岛,10万元,12月,10603,2.72,月管理费 2.27%,12,36,分期还款,1,1,信用贷,1,27240
青岛,10万元,12月,9398,1.28,参考月利率 0.60%,12,36,分期还款,2,1,信用贷,1,2801.7
青岛,10万元,12月,9340,1.21,参考月利率 0.60%,12,36,分期还款,2,1,抵押贷,0,2828.9
青岛,10万元,12月,9398,1.28,参考月利率 0.60%,12,36,分期还款,2,1,信用贷,0,2801.7
青岛,10万元,12月,10333,2.4,月管理费 2.00%,12,36,分期还款,3,3,信用贷,1,24000
青岛,10万元,12月,9953,1.94,参考月利率 0.77%,12,36,分期还款,8,2,信用贷,1,3262.2
青岛,10万元,12月,10333,2.4,月管理费 2.00%,12,24,分期还款,5,3,信用贷,1,24000
青岛,10万元,12月,9783,1.74,参考月利率 0.60%,12,36,分期还款,5,3,信用贷,1,2621.6
青岛,10万元,12月,10633,2.76,月管理费 2.30%,12,36,分期还款,3,1,信用贷,1,27600
青岛,10万元,12月,10713,2.86,月管理费 2.38%,12,36,分期还款,3,1,信用贷,1,28560
青岛,10万元,12月,10133,2.16,月管理费 1.80%,12,36,分期还款,3,1,信用贷,0,21600
青岛,10万元,12月,9633,1.56,月管理费 1.30%,12,36,分期还款,3,1,信用贷,0,15600
青岛,10万元,12月,10603,2.72,月管理费 2.27%,12,36,分期还款,3,1,信用贷,0,27240
青岛,10万元,12月,10713,2.86,月管理费 2.38%,12,36,分期还款,2,1,信用贷,0,28560
青岛,10万元,12月,11213,3.46,月管理费 2.88%,12,36,分期还款,3,1,信用贷,1,34560
青岛,10万元,12月,9083,0.9,月管理费 0.75%,12,36,分期还款,1,1,信用贷,1,9000
青岛,10万元,12月,10433,2.52,月管理费 2.10%,12,36,分期还款,1,1,信用贷,1,25200
青岛,10万元,12月,10433,2.52,月管理费 2.10%,12,36,分期还款,1,1,信用贷,0,25200
青岛,10万元,12月,9833,1.8,月管理费 1.50%,12,36,分期还款,1,1,信用贷,0,18000
青岛,10万元,12月,10433,2.52,月管理费 2.10%,12,36,分期还款,1,1,信用贷,0,25200
青岛,10万元,12月,8690,0.43,参考月利率 0.65%,12,120,分期还款,22,5,抵押贷,1,3394.2
青岛,10万元,12月,8983,0.78,参考月利率 0.65%,12,120,分期还款,3,2,抵押贷,1,3245.6
青岛,10万元,12月,10783,2.94,月管理费 2.45%,12,24,分期还款,5,3,信用贷,0,29400
青岛,10万元,12月,10223,2.27,月管理费 1.89%,12,36,分期还款,3,1,信用贷,0,22680
青岛,10万元,12月,10213,2.26,月管理费 1.88%,12,36,分期还款,3,2,信用贷,0,22560
青岛,10万元,12月,10183,2.22,月管理费 1.85%,12,36,分期还款,5,3,信用贷,0,22200
青岛,10万元,12月,10333,2.4,月管理费 2.00%,12,36,分期还款,3,2,信用贷,0,24000
青岛,10万元,12月,10133,2.16,月管理费 1.80%,12,48,分期还款,3,2,信用贷,1,21600
青岛,10万元,12月,10613,2.74,月管理费 2.28%,12,24,分期还款,4,3,信用贷,0,27360
青岛,10万元,12月,11073,3.29,月管理费 2.74%,12,24,分期还款,3,2,信用贷,1,32880
青岛,10万元,12月,10133,2.16,月管理费 1.80%,12,48,分期还款,3,2,信用贷,0,21600
青岛,10万元,12月,9933,1.92,月管理费 1.60%,12,48,分期还款,2,1,信用贷,1,19200
深圳,10万元,12月,8843,0.61,参考月利率 0.51%,12,48,分期还款,5,3,信用贷,1,2602.3
深圳,10万元,12月,10663,2.8,月管理费 2.33%,12,36,分期还款,1,1,信用贷,1,27960
深圳,10万元,12月,10333,2.4,月管理费 2.00%,12,36,分期还款,1,1,信用贷,1,24000
深圳,10万元,12月,8693,0.43,参考月利率 0.36%,12,60,分期还款,5,3,信用贷,1,1879
深圳,10万元,12月,10633,2.76,月管理费 2.30%,12,24,分期还款,3,1,信用贷,0,27600
深圳,10万元,12月,9533,1.44,参考月利率 0.50%,12,60,分期还款,5,3,信用贷,1,2282.1
深圳,10万元,12月,10713,2.86,月管理费 2.38%,12,36,分期还款,3,2,信用贷,1,28560
深圳,10万元,12月,8662,0.39,参考月利率 0.60%,12,48,分期还款,3,21,信用贷,1,3146.2
深圳,10万元,12月,10683,2.82,月管理费 2.35%,12,36,分期还款,3,2,信用贷,1,28200
深圳,10万元,12月,9623,1.55,月管理费 1.29%,12,36,分期还款,7,5,信用贷,1,15480
深圳,10万元,12月,10213,2.26,月管理费 1.88%,12,36,分期还款,3,1,信用贷,0,22560
深圳,10万元,12月,8790,0.55,参考月利率 0.83%,12,36,分期还款,3,1,抵押贷,0,4269.4
深圳,10万元,12月,9103,0.92,参考月利率 0.77%,12,60,分期还款,3,1,信用贷,0,3772.7
深圳,10万元,12月,9163,1,月管理费 0.83%,12,36,分期还款,1,1,抵押贷,1,9960
深圳,10万元,12月,10613,2.74,月管理费 2.28%,12,36,分期还款,3,1,信用贷,1,27360
深圳,10万元,12月,8690,0.43,参考月利率 0.65%,12,120,分期还款,22,5,抵押贷,1,3394.2
深圳,10万元,12月,10533,2.64,月管理费 2.20%,12,36,分期还款,3,1,信用贷,1,26400
深圳,10万元,12月,10633,2.76,月管理费 2.30%,12,36,分期还款,3,2,信用贷,1,27600
深圳,10万元,12月,10013,2.02,月管理费 1.68%,12,36,分期还款,5,3,信用贷,1,20160
深圳,10万元,12月,9678,1.61,月管理费 2.38%,12,24,分期还款,2,1,信用贷,1,28560
深圳,10万元,12月,10383,2.46,参考月利率 0.56%,12,36,分期还款,3,1,信用贷,1,2184.7
深圳,10万元,12月,10013,2.02,月管理费 1.68%,12,36,分期还款,5,3,信用贷,1,20160
深圳,10万元,12月,8843,0.61,参考月利率 0.51%,12,48,分期还款,3,1,信用贷,1,2602.3
深圳,10万元,12月,8843,0.61,参考月利率 0.51%,12,48,分期还款,3,1,信用贷,0,2602.3
深圳,10万元,12月,10333,2.4,参考月利率 0.40%,12,36,分期还款,3,1,信用贷,0,1576.1
深圳,10万元,12月,8673,0.91,参考月利率 0.62%,12,24,分期还款,7,4,抵押贷,0,3245.7
深圳,10万元,12月,9483,1.38,参考月利率 0.50%,12,36,分期还款,3,2,信用贷,1,2301.6
深圳,10万元,12月,9631,1.86,参考月利率 1.00%,12,18,分期还款,3,1,信用贷,0,4487.8
深圳,10万元,12月,10133,2.16,月管理费 1.80%,12,36,分期还款,5,3,信用贷,1,21600
深圳,10万元,12月,9673,1.61,月管理费 1.34%,12,24,分期还款,3,2,信用贷,1,16080
深圳,10万元,12月,10683,2.82,月管理费 2.35%,12,24,分期还款,3,2,信用贷,1,28200
深圳,10万元,12月,8843,0.61,参考月利率 0.51%,12,48,分期还款,3,1,信用贷,1,2602.3
深圳,10万元,12月,9633,1.56,月管理费 1.30%,12,36,分期还款,3,1,信用贷,0,15600
深圳,10万元,12月,10633,2.76,月管理费 2.30%,12,36,分期还款,3,2,信用贷,1,27600
深圳,10万元,12月,9933,1.92,月管理费 1.60%,12,24,分期还款,3,2,信用贷,1,19200
深圳,10万元,12月,10633,2.76,月管理费 2.30%,12,48,分期还款,2,1,信用贷,1,27600
深圳,10万元,12月,10633,2.76,月管理费 2.30%,12,36,分期还款,3,1,信用贷,1,27600
深圳,10万元,12月,8998,0.8,参考月利率 0.50%,12,36,随借随还,5,5,信用贷,1,2490.8
深圳,10万元,12月,10633,2.76,月管理费 2.30%,12,36,分期还款,3,2,信用贷,0,27600
深圳,10万元,12月,9233,1.08,月管理费 0.90%,12,24,分期还款,3,2,抵押贷,1,10800
深圳,10万元,12月,8690,1.23,月管理费 0.65%,12,60,分期还款,15,7,抵押贷,1,7800
深圳,10万元,12月,9833,1.8,月管理费 1.50%,12,36,分期还款,2,1,信用贷,1,18000
深圳,10万元,12月,9233,1.08,月管理费 0.90%,12,36,分期还款,3,2,信用贷,1,10800
深圳,10万元,12月,10333,2.4,月管理费 2.00%,12,36,分期还款,3,1,信用贷,1,24000
深圳,10万元,12月,9233,1.08,月管理费 0.90%,12,60,分期还款,5,1,信用贷,0,10800
深圳,10万元,12月,10833,3,月管理费 2.50%,12,18,分期还款,3,1,信用贷,0,30000
深圳,10万元,12月,10833,3,月管理费 2.50%,12,18,分期还款,3,1,信用贷,0,30000
深圳,10万元,12月,8833,0.6,参考月利率 0.50%,12,36,分期还款,5,3,担保贷,0,2555.1
深圳,10万元,12月,10233,2.28,月管理费 1.90%,12,24,分期还款,7,4,信用贷,0,22800
深圳,10万元,12月,10633,2.76,月管理费 2.30%,12,24,分期还款,7,4,信用贷,0,27600
深圳,10万元,12月,8893,0.67,参考月利率 0.56%,12,36,分期还款,5,3,信用贷,0,2835.5
深圳,10万元,12月,9383,1.26,参考月利率 1.05%,12,36,分期还款,5,3,信用贷,0,4915.3
深圳,10万元,12月,9383,1.26,参考月利率 1.05%,12,36,分期还款,7,3,信用贷,0,4915.3
深圳,10万元,12月,9383,1.26,参考月利率 1.05%,12,36,分期还款,5,3,信用贷,0,4915.3
深圳,10万元,12月,9233,1.08,参考月利率 0.90%,12,36,分期还款,3,1,信用贷,0,4318.4
深圳,10万元,12月,9933,1.92,月管理费 1.60%,12,48,分期还款,1,1,信用贷,1,19200
深圳,10万元,12月,11113,3.34,参考月利率 0.60%,12,36,分期还款,1,1,信用贷,1,1999.1
深圳,10万元,12月,8607,0.33,参考月利率 0.50%,12,36,分期还款,5,5,信用贷,1,2643.3
深圳,10万元,12月,10633,2.76,月管理费 2.30%,12,36,分期还款,5,3,信用贷,1,27600
天津,10万元,12月,8695,0.43,参考月利率 0.66%,12,24,分期还款,3,1,信用贷,1,3443.8
天津,10万元,12月,10663,2.8,月管理费 2.33%,12,36,分期还款,3,1,信用贷,1,27960
天津,10万元,12月,9933,1.92,月管理费 1.60%,12,48,分期还款,3,2,信用贷,1,19200
天津,10万元,12月,9572,1.49,月管理费 2.20%,12,36,分期还款,3,1,信用贷,0,26400
天津,10万元,12月,10913,3.1,月管理费 2.58%,12,24,分期还款,7,3,信用贷,1,30960
天津,10万元,12月,10113,2.14,月管理费 1.78%,12,36,分期还款,7,3,信用贷,1,21360
天津,10万元,12月,9219,1.06,参考月利率 1.59%,12,48,分期还款,3,1,信用贷,1,7646.6
天津,10万元,12月,10323,2.39,月管理费 1.99%,12,36,分期还款,3,2,信用贷,1,23880
天津,10万元,12月,9923,1.91,参考月利率 1.59%,12,48,分期还款,3,1,信用贷,0,6773.5
天津,10万元,12月,10633,2.76,月管理费 2.30%,12,36,分期还款,3,3,信用贷,1,27600
天津,10万元,12月,8993,0.79,月管理费 0.66%,12,360,分期还款,20,10,抵押贷,1,7920
天津,10万元,12月,9923,1.91,参考月利率 1.59%,12,48,分期还款,1,1,信用贷,0,6773.5
天津,10万元,12月,10893,3.07,月管理费 2.56%,12,36,分期还款,4,2,信用贷,1,30720
天津,10万元,12月,10633,2.76,月管理费 2.30%,12,36,分期还款,3,3,信用贷,1,27600
天津,10万元,12月,10633,2.76,月管理费 2.30%,12,36,分期还款,2,2,信用贷,1,27600
天津,10万元,12月,10233,2.28,月管理费 1.90%,12,36,分期还款,3,2,信用贷,0,22800
天津,10万元,12月,10633,2.76,月管理费 2.30%,12,36,分期还款,3,2,信用贷,0,27600
天津,10万元,12月,10133,2.16,月管理费 1.80%,12,36,分期还款,3,2,信用贷,1,21600
天津,10万元,12月,9953,1.94,参考月利率 0.72%,12,36,分期还款,3,3,信用贷,1,3050.4
天津,10万元,12月,10083,2.1,月管理费 1.75%,12,24,分期还款,1,1,信用贷,1,21000
天津,10万元,12月,10633,2.76,月管理费 2.30%,12,36,分期还款,3,2,信用贷,0,27600
天津,10万元,12月,10133,2.16,月管理费 1.80%,12,36,分期还款,7,2,信用贷,1,21600
成都,10万元,12月,8933,0.72,参考月利率 0.60%,12,48,分期还款,5,3,信用贷,1,3019.4
成都,10万元,12月,8745,0.49,参考月利率 0.75%,12,60,分期还款,3,3,抵押贷,1,3884.2
成都,10万元,12月,8690,0.43,参考月利率 0.65%,12,36,随借随还,20,10,信用贷,1,3394.2
成都,10万元,12月,9833,1.8,月管理费 1.50%,12,36,分期还款,1,1,信用贷,1,18000
成都,10万元,12月,10433,2.52,月管理费 2.10%,12,36,分期还款,5,3,信用贷,1,25200
成都,10万元,12月,10113,2.14,月管理费 1.78%,12,36,分期还款,3,2,信用贷,1,21360
成都,10万元,12月,10783,2.94,月管理费 2.45%,12,36,分期还款,3,1,信用贷,1,29400
成都,10万元,12月,10333,2.4,月管理费 2.00%,12,36,分期还款,3,2,信用贷,0,24000
成都,10万元,12月,10633,2.76,月管理费 2.30%,12,36,分期还款,15,2,信用贷,1,27600
成都,10万元,12月,9633,1.56,月管理费 1.30%,12,36,分期还款,1,1,抵押贷,0,15600
成都,10万元,12月,8998,1.1,月管理费 1.20%,12,36,随借随还,7,3,抵押贷,0,14400
成都,10万元,12月,10663,2.8,月管理费 2.33%,12,36,分期还款,2,2,信用贷,1,27960
成都,10万元,12月,10333,2.4,月管理费 2.00%,12,36,分期还款,3,2,信用贷,1,24000
成都,10万元,12月,9633,1.56,月管理费 1.30%,12,36,分期还款,1,1,信用贷,1,15600
成都,10万元,12月,10913,3.1,月管理费 2.58%,12,24,分期还款,2,1,信用贷,1,30960
成都,10万元,12月,10233,2.28,月管理费 1.90%,12,36,分期还款,3,1,信用贷,1,22800
成都,10万元,12月,10713,2.86,月管理费 2.38%,12,36,分期还款,3,1,信用贷,1,28560
成都,10万元,12月,9633,1.56,月管理费 1.30%,12,36,分期还款,1,1,抵押贷,1,15600
成都,10万元,12月,10713,2.86,月管理费 2.38%,12,36,分期还款,3,2,信用贷,1,28560
成都,10万元,12月,9833,1.8,参考月利率 0.65%,12,36,分期还款,2,2,信用贷,1,2814.7
成都,10万元,12月,8998,1.1,月管理费 1.20%,12,36,随借随还,7,3,抵押贷,0,14400
成都,10万元,12月,10813,2.98,月管理费 2.48%,12,36,分期还款,3,1,信用贷,1,29760
成都,10万元,12月,9333,1.2,月管理费 1.00%,12,36,分期还款,3,1,信用贷,1,12000
成都,10万元,12月,9283,1.14,参考月利率 0.95%,12,36,分期还款,2,1,信用贷,1,4521.3
成都,10万元,12月,10483,2.58,月管理费 2.15%,12,36,分期还款,2,2,信用贷,1,25800
成都,10万元,12月,10323,2.39,月管理费 1.99%,12,36,分期还款,3,2,信用贷,1,23880
成都,10万元,12月,8662,0.39,月管理费 0.60%,12,36,随借随还,3,1,抵押贷,0,7200
成都,10万元,12月,9053,0.86,参考月利率 0.72%,12,36,分期还款,3,1,信用贷,1,3555.8
成都,10万元,12月,9163,1,参考月利率 0.83%,12,36,分期还款,1,1,信用贷,0,4027.9
成都,10万元,12月,9183,1.02,参考月利率 0.85%,12,36,分期还款,7,3,信用贷,0,4111.7
成都,10万元,12月,9183,1.02,参考月利率 0.85%,12,36,分期还款,1,1,信用贷,0,4111.7
成都,10万元,12月,10783,2.94,月管理费 2.45%,12,36,分期还款,3,1,信用贷,0,29400
成都,10万元,12月,10333,2.4,月管理费 2.00%,12,36,分期还款,3,2,信用贷,0,24000
成都,10万元,12月,9163,1,参考月利率 0.83%,12,36,分期还款,1,1,抵押贷,0,4027.9
成都,10万元,12月,8690,0.43,参考月利率 0.65%,12,36,到期还款,5,2,信用贷,1,3394.2
成都,10万元,12月,9113,0.94,月管理费 0.78%,12,36,分期还款,7,5,信用贷,1,9360
成都,10万元,12月,9053,0.86,参考月利率 0.72%,12,36,分期还款,3,1,信用贷,0,3555.8
成都,10万元,12月,10813,2.98,月管理费 2.48%,12,36,分期还款,3,2,信用贷,1,29760
成都,10万元,12月,10113,2.14,月管理费 1.78%,12,36,分期还款,3,2,信用贷,0,21360
成都,10万元,12月,9913,1.9,月管理费 1.58%,12,36,分期还款,3,2,信用贷,0,18960
成都,10万元,12月,9353,1.22,月管理费 1.02%,12,48,分期还款,3,2,信用贷,0,12240
成都,10万元,12月,10113,2.14,月管理费 1.78%,12,36,分期还款,7,3,信用贷,0,21360
成都,10万元,12月,10713,2.86,月管理费 2.38%,12,24,分期还款,7,3,信用贷,0,28560
成都,10万元,12月,10333,2.4,月管理费 2.00%,12,24,分期还款,1,1,信用贷,0,24000
成都,10万元,12月,9053,0.86,参考月利率 0.72%,12,36,分期还款,3,1,信用贷,0,3555.8
成都,10万元,12月,9733,1.68,月管理费 1.40%,12,48,分期还款,2,1,信用贷,0,16800
成都,10万元,12月,9933,1.92,月管理费 1.60%,12,48,分期还款,2,1,信用贷,0,19200
成都,10万元,12月,10333,2.4,月管理费 2.00%,12,48,分期还款,2,1,信用贷,0,24000
成都,10万元,12月,10223,2.27,参考月利率 1.00%,12,36,分期还款,5,3,信用贷,0,4026.1
成都,10万元,12月,10133,2.16,月管理费 1.80%,12,36,分期还款,5,3,信用贷,0,21600
成都,10万元,12月,10633,2.76,月管理费 2.30%,12,36,分期还款,5,3,信用贷,0,27600
成都,10万元,12月,10333,2.4,月管理费 2.00%,12,36,分期还款,3,2,信用贷,1,24000
成都,10万元,12月,10633,2.76,月管理费 2.30%,12,36,分期还款,15,2,信用贷,1,27600
成都,10万元,12月,8983,0.78,参考月利率 0.65%,12,48,分期还款,3,2,信用贷,1,3245.6
